#
# There is insufficient memory for the Java Runtime Environment to continue.
# Native memory allocation (mmap) failed to map 4890558464 bytes. Error detail: G1 virtual space
# Possible reasons:
#   The system is out of physical RAM or swap space
#   This process is running with CompressedOops enabled, and the Java Heap may be blocking the growth of the native heap
# Possible solutions:
#   Reduce memory load on the system
#   Increase physical memory or swap space
#   Check if swap backing store is full
#   Decrease Java heap size (-Xmx/-Xms)
#   Decrease number of Java threads
#   Decrease Java thread stack sizes (-Xss)
#   Set larger code cache with -XX:ReservedCodeCacheSize=
#   JVM is running with Zero Based Compressed Oops mode in which the Java heap is
#     placed in the first 32GB address space. The Java Heap base address is the
#     maximum limit for the native heap growth. Please use -XX:HeapBaseMinAddress
#     to set the Java Heap base and to place the Java Heap above 32GB virtual address.
# This output file may be truncated or incomplete.
#
#  Out of Memory Error (os_windows.cpp:3554), pid=27096, tid=28884
#
# JRE version: OpenJDK Runtime Environment (25.0.2+12) (build 25.0.2+12-LTS)
# Java VM: OpenJDK 64-Bit Server VM (25.0.2+12-LTS, mixed mode, sharing, tiered, compressed oops, compressed class ptrs, g1 gc, windows-amd64)
# Core dump will be written. Default location: D:\GitHub\EDT-MCP\hs_err_pid27096.mdmp
#

---------------  S U M M A R Y ------------

Command Line: -XX:-OmitStackTraceInFastThrow -XX:CompileCommand=quiet -XX:CompileCommand=exclude org.eclipse.jdt.internal.core.dom.rewrite.ASTRewriteAnalyzer::getExtendedRange -Dosgi.requiredJavaVersion=25 --add-modules=ALL-SYSTEM --add-opens=java.base/java.lang.constant=ALL-UNNAMED --add-opens=java.base/java.lang=ALL-UNNAMED --add-opens=java.base/java.lang.ref=ALL-UNNAMED --add-opens=java.base/java.nio=ALL-UNNAMED --add-opens=java.base/java.time=ALL-UNNAMED --add-opens=java.base/sun.nio.ch=ALL-UNNAMED --add-opens=java.base/java.net=ALL-UNNAMED -XX:+UseG1GC -XX:+UseStringDeduplication -XX:MinHeapFreeRatio=4 -XX:MaxHeapFreeRatio=20 -Xms80m -Djava.library.path= -Dlog4j.configuration=platform:/plugin/com._1c.g5.v8.dt.logging/log4j.properties -Dlog4j.formatMsgNoLookups=true -Dlog4j2.formatMsgNoLookups=true -Dorg.osgi.framework.bundle.parent=ext -Dosgi.module.lock.timeout=240 -Dp2.httpRule=allow -Dp2.ftpRule=allow -Dorg.eclipse.ecf.provider.filetransfer.excludeContributors=org.eclipse.ecf.provider.filetransfer.httpclientjava -De1c.dt.monitoring.host=https://pult.1c.ru/ -DmigrationEnabled=true -DmigrationNotificationEnabled=true -De1c.wiring.managedInitialization=true -Dorg.eclipse.e4.ui.css.theme.disableOSDarkThemeInherit=true -Dorg.eclipse.ui.internal.WindowsDefenderConfigurator.skipDefenderCheck=true -server -Dosgi.debug=.options -Xmx16384m 

Host: AMD Ryzen 9 3900 12-Core Processor             , 12 cores, 28G,  Windows Server 2025 , 64 bit Build 26100 (10.0.26100.33158)
Time: Sun Sep  6 20:16:16 2026 FLE Daylight Time elapsed time: 818.295087 seconds (0d 0h 13m 38s)

---------------  T H R E A D  ---------------

Current thread (0x000001f3650d4180):  VMThread "VM Thread"          [id=28884, stack(0x0000000c27000000,0x0000000c27100000) (1024K)]

Stack: [0x0000000c27000000,0x0000000c27100000]
Native frames: (J=compiled Java code, j=interpreted, Vv=VM code, C=native code)
V  [jvm.dll+0x7ba3a9]  (no source info available)
V  [jvm.dll+0x78469d]  (no source info available)
V  [jvm.dll+0xa06593]  (no source info available)
V  [jvm.dll+0xa08a04]  (no source info available)
V  [jvm.dll+0xa09103]  (no source info available)
V  [jvm.dll+0x30e1c6]  (no source info available)
V  [jvm.dll+0x7b64c5]  (no source info available)
V  [jvm.dll+0x7a9627]  (no source info available)
V  [jvm.dll+0x404b6a]  (no source info available)
V  [jvm.dll+0x40cb06]  (no source info available)
V  [jvm.dll+0x3f916e]  (no source info available)
V  [jvm.dll+0x3f9428]  (no source info available)
V  [jvm.dll+0x3cff22]  (no source info available)
V  [jvm.dll+0x3cffba]  (no source info available)
V  [jvm.dll+0x41d9a0]  (no source info available)
V  [jvm.dll+0x41c336]  (no source info available)
V  [jvm.dll+0x3cf6c7]  (no source info available)
V  [jvm.dll+0x41bad6]  (no source info available)
V  [jvm.dll+0xa0f56a]  (no source info available)
V  [jvm.dll+0xa10871]  (no source info available)
V  [jvm.dll+0xa10de8]  (no source info available)
V  [jvm.dll+0xa11083]  (no source info available)
V  [jvm.dll+0x9a7878]  (no source info available)
V  [jvm.dll+0x7b8915]  (no source info available)
C  [ucrtbase.dll+0x37b0]  (no source info available)
C  [KERNEL32.DLL+0x2e8d7]  (no source info available)
C  [ntdll.dll+0x8c53c]  (no source info available)

VM_Operation (0x0000000c2fafc700): G1TryInitiateConcMark, mode: safepoint, requested by thread 0x000001f311d725d0


---------------  P R O C E S S  ---------------

Threads class SMR info:
_java_thread_list=0x000001f308d14200, length=124, elements={
0x000001f34ba27620, 0x000001f3650e9320, 0x000001f3650e9c30, 0x000001f3650efdc0,
0x000001f3650f0d10, 0x000001f3650f7ec0, 0x000001f3650fae30, 0x000001f3650fc4c0,
0x000001f365110560, 0x000001f37bc79fe0, 0x000001f365114200, 0x000001f3651170e0,
0x000001f304236a20, 0x000001f304b65cd0, 0x000001f304b635c0, 0x000001f304b63d90,
0x000001f304a43520, 0x000001f3090f2090, 0x000001f3090f3800, 0x000001f3090f47a0,
0x000001f3090f6eb0, 0x000001f3090f66e0, 0x000001f3096b0e10, 0x000001f3096b1db0,
0x000001f3096b0640, 0x000001f3096afe70, 0x000001f3096b15e0, 0x000001f30aa784e0,
0x000001f30aa7dad0, 0x000001f30aa7abf0, 0x000001f3090f7e50, 0x000001f30a8adf10,
0x000001f3078d0be0, 0x000001f3078cfc40, 0x000001f3078d4290, 0x000001f3078dee70,
0x000001f30c25b9e0, 0x000001f30c25d150, 0x000001f30c25aa40, 0x000001f30c2636e0,
0x000001f30c260800, 0x000001f304a3eed0, 0x000001f304a415e0, 0x000001f304a42d50,
0x000001f30a8ab030, 0x000001f304a3f6a0, 0x000001f304234ae0, 0x000001f30c264680,
0x000001f30ad3c950, 0x000001f304b66c70, 0x000001f365115970, 0x000001f308848f00,
0x000001f3088496d0, 0x000001f30884d550, 0x000001f308849ea0, 0x000001f30884dd20,
0x000001f30884e4f0, 0x000001f30884bde0, 0x000001f308850c00, 0x000001f3088513d0,
0x000001f308853ae0, 0x000001f30c25c980, 0x000001f30c265df0, 0x000001f308851ba0,
0x000001f30c207c00, 0x000001f311d63b70, 0x000001f311d64b10, 0x000001f311d66280,
0x000001f311d66a50, 0x000001f311d65ab0, 0x000001f311d6a100, 0x000001f311d6ef20,
0x000001f311d6d7b0, 0x000001f311d6c040, 0x000001f311d6fec0, 0x000001f311d725d0,
0x000001f311d71e00, 0x000001f311d73570, 0x000001f311d70690, 0x000001f3b89dc090,
0x000001f3b89da920, 0x000001f3b89dd030, 0x000001f3b89e4560, 0x000001f3b89e6c70,
0x000001f3b89ea320, 0x000001f3b89e9380, 0x000001f3b89ed9d0, 0x000001f3b89f08b0,
0x000001f3b89f3790, 0x000001f3b89f1850, 0x000001f3b89f4730, 0x000001f3c751a690,
0x000001f3c752bfd0, 0x000001f3b89f1080, 0x000001f306164680, 0x000001f3b89db8c0,
0x000001f3b89dc860, 0x000001f3b89e06e0, 0x000001f3b89e1e50, 0x000001f3b89e64a0,
0x000001f3b89e7440, 0x000001f3b89e83e0, 0x000001f3b89ec260, 0x000001f3b89ed200,
0x000001f3b89eca30, 0x000001f3b89ef140, 0x000001f3c22f4610, 0x000001f3bde71820,
0x000001f3b9393f50, 0x000001f311d7c9e0, 0x000001f311d7d980, 0x000001f3bde5e770,
0x000001f3bde61e20, 0x000001f3bde63590, 0x000001f3bde6aac0, 0x000001f3bde69b20,
0x000001f3bde700b0, 0x000001f3bde6d1d0, 0x000001f3bde60e80, 0x000001f3bde6a2f0,
0x000001f3bde6ca00, 0x000001f3bde7a4c0, 0x000001f3074b1480, 0x000001f305367de0
}
_to_delete_list=0x000001f30c2309d0, length=123, elements={
0x000001f34ba27620, 0x000001f3650e9320, 0x000001f3650e9c30, 0x000001f3650efdc0,
0x000001f3650f0d10, 0x000001f3650f7ec0, 0x000001f3650fae30, 0x000001f3650fc4c0,
0x000001f365110560, 0x000001f37bc79fe0, 0x000001f365114200, 0x000001f3651170e0,
0x000001f304236a20, 0x000001f304b65cd0, 0x000001f304b635c0, 0x000001f304b63d90,
0x000001f304a43520, 0x000001f3090f2090, 0x000001f3090f3800, 0x000001f3090f47a0,
0x000001f3090f6eb0, 0x000001f3090f66e0, 0x000001f3096b0e10, 0x000001f3096b1db0,
0x000001f3096b0640, 0x000001f3096afe70, 0x000001f3096b15e0, 0x000001f30aa784e0,
0x000001f30aa7dad0, 0x000001f30aa7abf0, 0x000001f3090f7e50, 0x000001f30a8adf10,
0x000001f3078d0be0, 0x000001f3078cfc40, 0x000001f3078d4290, 0x000001f3078dee70,
0x000001f30c25b9e0, 0x000001f30c25d150, 0x000001f30c25aa40, 0x000001f30c2636e0,
0x000001f30c260800, 0x000001f304a3eed0, 0x000001f304a415e0, 0x000001f304a42d50,
0x000001f30a8ab030, 0x000001f304a3f6a0, 0x000001f304234ae0, 0x000001f30c264680,
0x000001f30ad3c950, 0x000001f304b66c70, 0x000001f365115970, 0x000001f308848f00,
0x000001f3088496d0, 0x000001f30884d550, 0x000001f308849ea0, 0x000001f30884dd20,
0x000001f30884e4f0, 0x000001f30884bde0, 0x000001f308850c00, 0x000001f3088513d0,
0x000001f308853ae0, 0x000001f30c25c980, 0x000001f30c265df0, 0x000001f308851ba0,
0x000001f30c207c00, 0x000001f311d63b70, 0x000001f311d64b10, 0x000001f311d66280,
0x000001f311d66a50, 0x000001f311d65ab0, 0x000001f311d6a100, 0x000001f311d6ef20,
0x000001f311d6d7b0, 0x000001f311d6c040, 0x000001f311d6fec0, 0x000001f311d725d0,
0x000001f311d71e00, 0x000001f311d73570, 0x000001f311d70690, 0x000001f3b89dc090,
0x000001f3b89da920, 0x000001f3b89dd030, 0x000001f3b89e4560, 0x000001f3b89e6c70,
0x000001f3b89ea320, 0x000001f3b89e9380, 0x000001f3b89ed9d0, 0x000001f3b89f08b0,
0x000001f3b89f3790, 0x000001f3b89f1850, 0x000001f3b89f4730, 0x000001f3c751a690,
0x000001f3c752bfd0, 0x000001f3b89f1080, 0x000001f306164680, 0x000001f3b89db8c0,
0x000001f3b89dc860, 0x000001f3b89e06e0, 0x000001f3b89e1e50, 0x000001f3b89e64a0,
0x000001f3b89e7440, 0x000001f3b89e83e0, 0x000001f3b89ec260, 0x000001f3b89ed200,
0x000001f3b89eca30, 0x000001f3b89ef140, 0x000001f3c22f4610, 0x000001f3bde71820,
0x000001f3b9393f50, 0x000001f311d7c9e0, 0x000001f311d7d980, 0x000001f3bde5e770,
0x000001f3bde61e20, 0x000001f3bde63590, 0x000001f3bde6aac0, 0x000001f3bde69b20,
0x000001f3bde700b0, 0x000001f3bde6d1d0, 0x000001f3bde60e80, 0x000001f3bde6a2f0,
0x000001f3bde6ca00, 0x000001f3bde7a4c0, 0x000001f3074b1480
}

Java Threads: ( => current thread )
  0x000001f34ba27620 JavaThread "main"                              [_thread_blocked, id=7780, stack(0x0000000c26600000,0x0000000c26700000) (1024K)]
  0x000001f3650e9320 JavaThread "Reference Handler"          daemon [_thread_blocked, id=25516, stack(0x0000000c27100000,0x0000000c27200000) (1024K)]
  0x000001f3650e9c30 JavaThread "Finalizer"                  daemon [_thread_blocked, id=5872, stack(0x0000000c27200000,0x0000000c27300000) (1024K)]
  0x000001f3650efdc0 JavaThread "Signal Dispatcher"          daemon [_thread_blocked, id=16048, stack(0x0000000c27300000,0x0000000c27400000) (1024K)]
  0x000001f3650f0d10 JavaThread "Attach Listener"            daemon [_thread_blocked, id=7572, stack(0x0000000c27400000,0x0000000c27500000) (1024K)]
  0x000001f3650f7ec0 JavaThread "Service Thread"             daemon [_thread_blocked, id=19968, stack(0x0000000c27500000,0x0000000c27600000) (1024K)]
  0x000001f3650fae30 JavaThread "Monitor Deflation Thread"   daemon [_thread_blocked, id=15932, stack(0x0000000c27600000,0x0000000c27700000) (1024K)]
  0x000001f3650fc4c0 JavaThread "C2 CompilerThread0"         daemon [_thread_blocked, id=1140, stack(0x0000000c27700000,0x0000000c27800000) (1024K)]
  0x000001f365110560 JavaThread "C1 CompilerThread0"         daemon [_thread_blocked, id=23492, stack(0x0000000c27800000,0x0000000c27900000) (1024K)]
  0x000001f37bc79fe0 JavaThread "StringDedupThread"          daemon [_thread_blocked, id=7268, stack(0x0000000c27900000,0x0000000c27a00000) (1024K)]
  0x000001f365114200 JavaThread "Notification Thread"        daemon [_thread_blocked, id=22236, stack(0x0000000c27b00000,0x0000000c27c00000) (1024K)]
  0x000001f3651170e0 JavaThread "Common-Cleaner"             daemon [_thread_blocked, id=35608, stack(0x0000000c27c00000,0x0000000c27d00000) (1024K)]
  0x000001f304236a20 JavaThread "Active Thread: Equinox Container: c1b402fb-cecb-426f-aa54-b6ee6b18831a"        [_thread_blocked, id=812, stack(0x0000000c28300000,0x0000000c28400000) (1024K)]
  0x000001f304b65cd0 JavaThread "Framework Event Dispatcher: Equinox Container: c1b402fb-cecb-426f-aa54-b6ee6b18831a" daemon [_thread_blocked, id=36228, stack(0x0000000c28400000,0x0000000c28500000) (1024K)]
  0x000001f304b635c0 JavaThread "Start Level: Equinox Container: c1b402fb-cecb-426f-aa54-b6ee6b18831a" daemon [_thread_blocked, id=18868, stack(0x0000000c28500000,0x0000000c28600000) (1024K)]
  0x000001f304b63d90 JavaThread "Refresh Thread: Equinox Container: c1b402fb-cecb-426f-aa54-b6ee6b18831a" daemon [_thread_blocked, id=33812, stack(0x0000000c28600000,0x0000000c28700000) (1024K)]
  0x000001f304a43520 JavaThread "Bundle File Closer"         daemon [_thread_blocked, id=35820, stack(0x0000000c29700000,0x0000000c29800000) (1024K)]
  0x000001f3090f2090 JavaThread "SCR Component Actor"        daemon [_thread_blocked, id=36824, stack(0x0000000c29a00000,0x0000000c29b00000) (1024K)]
  0x000001f3090f3800 JavaThread "EMF Reference Cleaner"      daemon [_thread_blocked, id=36308, stack(0x0000000c29b00000,0x0000000c29c00000) (1024K)]
  0x000001f3090f47a0 JavaThread "Worker-JM"                         [_thread_blocked, id=19052, stack(0x0000000c29c00000,0x0000000c29d00000) (1024K)]
  0x000001f3090f6eb0 JavaThread "Worker-0: Project services restart"        [_thread_blocked, id=35660, stack(0x0000000c29e00000,0x0000000c29f00000) (1024K)]
  0x000001f3090f66e0 JavaThread "Provisioning Event Dispatcher" daemon [_thread_blocked, id=31552, stack(0x0000000c29f00000,0x0000000c2a000000) (1024K)]
  0x000001f3096b0e10 JavaThread "Worker-1"                          [_thread_blocked, id=35368, stack(0x0000000c2a000000,0x0000000c2a100000) (1024K)]
  0x000001f3096b1db0 JavaThread "JNA Cleaner"                daemon [_thread_blocked, id=11440, stack(0x0000000c2a100000,0x0000000c2a200000) (1024K)]
  0x000001f3096b0640 JavaThread "Worker-2: Importing project resources: ERP_XML"        [_thread_blocked, id=10548, stack(0x0000000c2a200000,0x0000000c2a300000) (1024K)]
  0x000001f3096afe70 JavaThread "Worker-3"                          [_thread_blocked, id=17328, stack(0x0000000c2a300000,0x0000000c2a400000) (1024K)]
  0x000001f3096b15e0 JavaThread "Git Repository Closer"      daemon [_thread_blocked, id=34380, stack(0x0000000c2a400000,0x0000000c2a500000) (1024K)]
  0x000001f30aa784e0 JavaThread "Java indexing"              daemon [_thread_blocked, id=37204, stack(0x0000000c2ba00000,0x0000000c2bb00000) (1024K)]
  0x000001f30aa7dad0 JavaThread "System slowdown watchdog"          [_thread_blocked, id=18976, stack(0x0000000c2bc00000,0x0000000c2bd00000) (1024K)]
  0x000001f30aa7abf0 JavaThread "ProjectOrchestratorEventSender"        [_thread_blocked, id=16068, stack(0x0000000c2bd00000,0x0000000c2be00000) (1024K)]
  0x000001f3090f7e50 JavaThread "Cleaner-0"                  daemon [_thread_blocked, id=28824, stack(0x0000000c2be00000,0x0000000c2bf00000) (1024K)]
  0x000001f30a8adf10 JavaThread "Worker-4"                          [_thread_blocked, id=11792, stack(0x0000000c2c500000,0x0000000c2c600000) (1024K)]
  0x000001f3078d0be0 JavaThread "pool-4-thread-1"                   [_thread_blocked, id=27612, stack(0x0000000c2c600000,0x0000000c2c700000) (1024K)]
  0x000001f3078cfc40 JavaThread "Worker-5"                          [_thread_blocked, id=29272, stack(0x0000000c2c700000,0x0000000c2c800000) (1024K)]
  0x000001f3078d4290 JavaThread "HttpClient-1-SelectorManager" daemon [_thread_blocked, id=36928, stack(0x0000000c2c800000,0x0000000c2c900000) (1024K)]
  0x000001f3078dee70 JavaThread "Gogo shell"                        [_thread_blocked, id=12508, stack(0x0000000c2d200000,0x0000000c2d300000) (1024K)]
  0x000001f30c25b9e0 JavaThread "RxSchedulerPurge-1"         daemon [_thread_blocked, id=7016, stack(0x0000000c2d500000,0x0000000c2d600000) (1024K)]
  0x000001f30c25d150 JavaThread "RxCachedWorkerPoolEvictor-1" daemon [_thread_blocked, id=31336, stack(0x0000000c2d600000,0x0000000c2d700000) (1024K)]
  0x000001f30c25aa40 JavaThread "RxComputationThreadPool-1"  daemon [_thread_blocked, id=6108, stack(0x0000000c2d400000,0x0000000c2d500000) (1024K)]
  0x000001f30c2636e0 JavaThread "Java2D Disposer"            daemon [_thread_blocked, id=14520, stack(0x0000000c27d00000,0x0000000c27e00000) (1024K)]
  0x000001f30c260800 JavaThread "AWT-Windows"                daemon [_thread_in_native, id=22604, stack(0x0000000c27f00000,0x0000000c28000000) (1024K)]
  0x000001f304a3eed0 JavaThread "FileSystemWatchService"     daemon [_thread_in_native, id=25340, stack(0x0000000c28200000,0x0000000c28300000) (1024K)]
  0x000001f304a415e0 JavaThread "GroupService-FileWatcher"   daemon [_thread_blocked, id=10908, stack(0x0000000c28700000,0x0000000c28800000) (1024K)]
  0x000001f304a42d50 JavaThread "edt-mcp-workmate-session"   daemon [_thread_blocked, id=31556, stack(0x0000000c28800000,0x0000000c28900000) (1024K)]
  0x000001f30a8ab030 JavaThread "AEF 2.0 Thread-PROPERTY_PALETTE_ENGINE"        [_thread_blocked, id=7240, stack(0x0000000c29000000,0x0000000c29100000) (1024K)]
  0x000001f304a3f6a0 JavaThread "MCP-Status-Update"          daemon [_thread_blocked, id=21552, stack(0x0000000c27a00000,0x0000000c27b00000) (1024K)]
  0x000001f304234ae0 JavaThread "Timer-0"                    daemon [_thread_blocked, id=36092, stack(0x0000000c29300000,0x0000000c29400000) (1024K)]
  0x000001f30c264680 JavaThread "EventAdmin Async Event Dispatcher Thread" daemon [_thread_blocked, id=31680, stack(0x0000000c29400000,0x0000000c29500000) (1024K)]
  0x000001f30ad3c950 JavaThread "Worker-6"                          [_thread_blocked, id=31068, stack(0x0000000c2b300000,0x0000000c2b400000) (1024K)]
  0x000001f304b66c70 JavaThread "Worker-7"                          [_thread_blocked, id=17012, stack(0x0000000c2d800000,0x0000000c2d900000) (1024K)]
  0x000001f365115970 JavaThread "Worker-8"                          [_thread_blocked, id=23684, stack(0x0000000c2d900000,0x0000000c2da00000) (1024K)]
  0x000001f308848f00 JavaThread "Worker-9"                          [_thread_blocked, id=4056, stack(0x0000000c2da00000,0x0000000c2db00000) (1024K)]
  0x000001f3088496d0 JavaThread "Worker-10"                         [_thread_blocked, id=13040, stack(0x0000000c2db00000,0x0000000c2dc00000) (1024K)]
  0x000001f30884d550 JavaThread "idle-timeout-task"          daemon [_thread_blocked, id=20884, stack(0x0000000c2dd00000,0x0000000c2de00000) (1024K)]
  0x000001f308849ea0 JavaThread "req-rsp-timeout-task"       daemon [_thread_blocked, id=31932, stack(0x0000000c2de00000,0x0000000c2df00000) (1024K)]
  0x000001f30884dd20 JavaThread "pool-12-thread-1"                  [_thread_blocked, id=13112, stack(0x0000000c2df00000,0x0000000c2e000000) (1024K)]
  0x000001f30884e4f0 JavaThread "HTTP-Dispatcher"                   [_thread_blocked, id=17200, stack(0x0000000c2e000000,0x0000000c2e100000) (1024K)]
  0x000001f30884bde0 JavaThread "pool-13-thread-1"                  [_thread_blocked, id=1344, stack(0x0000000c2e100000,0x0000000c2e200000) (1024K)]
  0x000001f308850c00 JavaThread "MCP-Update-Checker"         daemon [_thread_blocked, id=37264, stack(0x0000000c2e200000,0x0000000c2e300000) (1024K)]
  0x000001f3088513d0 JavaThread "Worker-11"                         [_thread_blocked, id=35612, stack(0x0000000c2e400000,0x0000000c2e500000) (1024K)]
  0x000001f308853ae0 JavaThread "Worker-13"                         [_thread_blocked, id=14968, stack(0x0000000c2e700000,0x0000000c2e800000) (1024K)]
  0x000001f30c25c980 JavaThread "JGit-FileStoreAttributeReader-1" daemon [_thread_blocked, id=4704, stack(0x0000000c2e900000,0x0000000c2ea00000) (1024K)]
  0x000001f30c265df0 JavaThread "Worker-14"                         [_thread_blocked, id=19240, stack(0x0000000c2ea00000,0x0000000c2eb00000) (1024K)]
  0x000001f308851ba0 JavaThread "derived_data_executor_1"           [_thread_blocked, id=35544, stack(0x0000000c2e300000,0x0000000c2e400000) (1024K)]
  0x000001f30c207c00 JavaThread "HttpClient-2-SelectorManager" daemon [_thread_in_native, id=7360, stack(0x0000000c2eb00000,0x0000000c2ec00000) (1024K)]
  0x000001f311d63b70 JavaThread "Thread-15"                         [_thread_blocked, id=19184, stack(0x0000000c2f000000,0x0000000c2f100000) (1024K)]
  0x000001f311d64b10 JavaThread "DesignerSessionPool-Poller" daemon [_thread_blocked, id=34056, stack(0x0000000c2f100000,0x0000000c2f200000) (1024K)]
  0x000001f311d66280 JavaThread "Thread-17"                         [_thread_blocked, id=33412, stack(0x0000000c2f200000,0x0000000c2f300000) (1024K)]
  0x000001f311d66a50 JavaThread "BmEventSender"                     [_thread_blocked, id=32040, stack(0x0000000c2f300000,0x0000000c2f400000) (1024K)]
  0x000001f311d65ab0 JavaThread "Thread-18"                  daemon [_thread_blocked, id=16424, stack(0x0000000c2f400000,0x0000000c2f500000) (1024K)]
  0x000001f311d6a100 JavaThread "marker_committer_0"                [_thread_blocked, id=7428, stack(0x0000000c2ee00000,0x0000000c2ef00000) (1024K)]
  0x000001f311d6ef20 JavaThread "derived_data_executor_2"           [_thread_blocked, id=16820, stack(0x0000000c2f500000,0x0000000c2f600000) (1024K)]
  0x000001f311d6d7b0 JavaThread "derived_data_executor_3"           [_thread_blocked, id=30996, stack(0x0000000c2f700000,0x0000000c2f800000) (1024K)]
  0x000001f311d6c040 JavaThread "derived_data_executor_4"           [_thread_blocked, id=6424, stack(0x0000000c2f800000,0x0000000c2f900000) (1024K)]
  0x000001f311d6fec0 JavaThread "derived_data_executor_5"           [_thread_blocked, id=25480, stack(0x0000000c2f900000,0x0000000c2fa00000) (1024K)]
  0x000001f311d725d0 JavaThread "derived_data_executor_6"           [_thread_blocked, id=2356, stack(0x0000000c2fa00000,0x0000000c2fb00000) (1024K)]
  0x000001f311d71e00 JavaThread "derived_data_executor_7"           [_thread_blocked, id=36936, stack(0x0000000c2fb00000,0x0000000c2fc00000) (1024K)]
  0x000001f311d73570 JavaThread "derived_data_executor_8"           [_thread_blocked, id=17844, stack(0x0000000c2fc00000,0x0000000c2fd00000) (1024K)]
  0x000001f311d70690 JavaThread "derived_data_executor_9"           [_thread_blocked, id=17268, stack(0x0000000c2fd00000,0x0000000c2fe00000) (1024K)]
  0x000001f3b89dc090 JavaThread "BM-Async-Executor-1"               [_thread_blocked, id=32736, stack(0x0000000c30200000,0x0000000c30300000) (1024K)]
  0x000001f3b89da920 JavaThread "BM-Async-Executor-2"               [_thread_blocked, id=16588, stack(0x0000000c30300000,0x0000000c30400000) (1024K)]
  0x000001f3b89dd030 JavaThread "BM-Async-Executor-3"               [_thread_blocked, id=20204, stack(0x0000000c30500000,0x0000000c30600000) (1024K)]
  0x000001f3b89e4560 JavaThread "BM-Async-Executor-4"               [_thread_blocked, id=9252, stack(0x0000000c30800000,0x0000000c30900000) (1024K)]
  0x000001f3b89e6c70 JavaThread "BM-Async-Executor-5"               [_thread_blocked, id=16376, stack(0x0000000c30b00000,0x0000000c30c00000) (1024K)]
  0x000001f3b89ea320 JavaThread "BM-Async-Executor-6"               [_thread_blocked, id=8468, stack(0x0000000c30e00000,0x0000000c30f00000) (1024K)]
  0x000001f3b89e9380 JavaThread "BM-Async-Executor-7"               [_thread_blocked, id=24412, stack(0x0000000c31100000,0x0000000c31200000) (1024K)]
  0x000001f3b89ed9d0 JavaThread "BM-Async-Executor-8"               [_thread_blocked, id=26060, stack(0x0000000c31300000,0x0000000c31400000) (1024K)]
  0x000001f3b89f08b0 JavaThread "BM-Async-Executor-9"               [_thread_blocked, id=9260, stack(0x0000000c31400000,0x0000000c31500000) (1024K)]
  0x000001f3b89f3790 JavaThread "BM-Async-Executor-10"              [_thread_blocked, id=35688, stack(0x0000000c31500000,0x0000000c31600000) (1024K)]
  0x000001f3b89f1850 JavaThread "BM-Async-Executor-11"              [_thread_blocked, id=34044, stack(0x0000000c31600000,0x0000000c31700000) (1024K)]
  0x000001f3b89f4730 JavaThread "ForkJoinPool.commonPool-delayScheduler" daemon [_thread_blocked, id=27388, stack(0x0000000c31700000,0x0000000c31800000) (1024K)]
  0x000001f3c751a690 JavaThread "Worker-15"                         [_thread_blocked, id=30876, stack(0x0000000c32c00000,0x0000000c32d00000) (1024K)]
  0x000001f3c752bfd0 JavaThread "Provisioning Event Dispatcher" daemon [_thread_blocked, id=23800, stack(0x0000000c26900000,0x0000000c26a00000) (1024K)]
  0x000001f3b89f1080 JavaThread "Worker-16: Project services restart"        [_thread_blocked, id=24372, stack(0x0000000c2a900000,0x0000000c2aa00000) (1024K)]
  0x000001f306164680 JavaThread "pool-18-thread-1"                  [_thread_blocked, id=12476, stack(0x0000000c2ad00000,0x0000000c2ae00000) (1024K)]
  0x000001f3b89db8c0 JavaThread "pool-18-thread-2"                  [_thread_blocked, id=7232, stack(0x0000000c2ae00000,0x0000000c2af00000) (1024K)]
  0x000001f3b89dc860 JavaThread "pool-18-thread-3"                  [_thread_blocked, id=27848, stack(0x0000000c2af00000,0x0000000c2b000000) (1024K)]
  0x000001f3b89e06e0 JavaThread "pool-18-thread-4"                  [_thread_blocked, id=5652, stack(0x0000000c2b000000,0x0000000c2b100000) (1024K)]
  0x000001f3b89e1e50 JavaThread "pool-18-thread-5"                  [_thread_blocked, id=2408, stack(0x0000000c2b100000,0x0000000c2b200000) (1024K)]
  0x000001f3b89e64a0 JavaThread "pool-18-thread-6"                  [_thread_blocked, id=27268, stack(0x0000000c2b200000,0x0000000c2b300000) (1024K)]
  0x000001f3b89e7440 JavaThread "pool-18-thread-7"                  [_thread_blocked, id=31548, stack(0x0000000c2b400000,0x0000000c2b500000) (1024K)]
  0x000001f3b89e83e0 JavaThread "pool-18-thread-8"                  [_thread_blocked, id=36412, stack(0x0000000c2b500000,0x0000000c2b600000) (1024K)]
  0x000001f3b89ec260 JavaThread "pool-18-thread-9"                  [_thread_blocked, id=12260, stack(0x0000000c2b600000,0x0000000c2b700000) (1024K)]
  0x000001f3b89ed200 JavaThread "pool-18-thread-10"                 [_thread_blocked, id=33244, stack(0x0000000c2b700000,0x0000000c2b800000) (1024K)]
  0x000001f3b89eca30 JavaThread "pool-18-thread-11"                 [_thread_blocked, id=17788, stack(0x0000000c2b800000,0x0000000c2b900000) (1024K)]
  0x000001f3b89ef140 JavaThread "pool-18-thread-12"                 [_thread_blocked, id=27888, stack(0x0000000c2b900000,0x0000000c2ba00000) (1024K)]
  0x000001f3c22f4610 JavaThread "MCP-Main-34"                daemon [_thread_blocked, id=27348, stack(0x0000000c28100000,0x0000000c28200000) (1024K)]
  0x000001f3bde71820 JavaThread "IB_sync_flow_lock_touch"           [_thread_blocked, id=30708, stack(0x0000000c32e00000,0x0000000c32f00000) (1024K)]
  0x000001f3b9393f50 JavaThread "MCP-Tool-Executor"          daemon [_thread_blocked, id=27336, stack(0x0000000c32000000,0x0000000c32100000) (1024K)]
  0x000001f311d7c9e0 JavaThread "Worker-17"                         [_thread_blocked, id=35416, stack(0x0000000c2a800000,0x0000000c2a900000) (1024K)]
  0x000001f311d7d980 JavaThread "Worker-18"                         [_thread_blocked, id=5172, stack(0x0000000c2aa00000,0x0000000c2ab00000) (1024K)]
  0x000001f3bde5e770 JavaThread "Worker-19"                         [_thread_blocked, id=35364, stack(0x0000000c2ab00000,0x0000000c2ac00000) (1024K)]
  0x000001f3bde61e20 JavaThread "Worker-21"                         [_thread_blocked, id=26300, stack(0x0000000c27e00000,0x0000000c27f00000) (1024K)]
  0x000001f3bde63590 JavaThread "Worker-22"                         [_thread_blocked, id=17112, stack(0x0000000c26700000,0x0000000c26800000) (1024K)]
  0x000001f3bde6aac0 JavaThread "Worker-23"                         [_thread_blocked, id=32700, stack(0x0000000c29100000,0x0000000c29200000) (1024K)]
  0x000001f3bde69b20 JavaThread "Worker-24"                         [_thread_blocked, id=26220, stack(0x0000000c29200000,0x0000000c29300000) (1024K)]
  0x000001f3bde700b0 JavaThread "Worker-25: <unnamed job: com._1c.g5.v8.internal.derived.DerivedDataProgressReporter$ProgressIndicatingJob>"        [_thread_blocked, id=30352, stack(0x0000000c29d00000,0x0000000c29e00000) (1024K)]
  0x000001f3bde6d1d0 JavaThread "Worker-26"                         [_thread_blocked, id=29228, stack(0x0000000c2a500000,0x0000000c2a600000) (1024K)]
  0x000001f3bde60e80 JavaThread "Worker-27"                         [_thread_blocked, id=17064, stack(0x0000000c28000000,0x0000000c28100000) (1024K)]
  0x000001f3bde6a2f0 JavaThread "Worker-28"                         [_thread_blocked, id=16696, stack(0x0000000c2a600000,0x0000000c2a700000) (1024K)]
  0x000001f3bde6ca00 JavaThread "Worker-29"                         [_thread_blocked, id=10264, stack(0x0000000c2ac00000,0x0000000c2ad00000) (1024K)]
  0x000001f3bde7a4c0 JavaThread "Worker-30"                         [_thread_blocked, id=37284, stack(0x0000000c26800000,0x0000000c26900000) (1024K)]
  0x000001f3074b1480 JavaThread "C2 CompilerThread1"         daemon [_thread_blocked, id=25332, stack(0x0000000c2a700000,0x0000000c2a800000) (1024K)]
  0x000001f305367de0 JavaThread "C2 CompilerThread2"         daemon [_thread_blocked, id=20060, stack(0x0000000c2bb00000,0x0000000c2bc00000) (1024K)]
Total: 124

Other Threads:
=>0x000001f3650d4180 VMThread "VM Thread"                           [id=28884, stack(0x0000000c27000000,0x0000000c27100000) (1024K)]
  0x000001f36501d1f0 WatcherThread "VM Periodic Task Thread"        [id=34884, stack(0x0000000c26f00000,0x0000000c27000000) (1024K)]
  0x000001f34ba92760 WorkerThread "GC Thread#0"                     [id=37480, stack(0x0000000c26a00000,0x0000000c26b00000) (1024K)]
  0x000001f304b3c170 WorkerThread "GC Thread#1"                     [id=28804, stack(0x0000000c28900000,0x0000000c28a00000) (1024K)]
  0x000001f304b3c5a0 WorkerThread "GC Thread#2"                     [id=11088, stack(0x0000000c28a00000,0x0000000c28b00000) (1024K)]
  0x000001f304b3d9f0 WorkerThread "GC Thread#3"                     [id=25236, stack(0x0000000c28b00000,0x0000000c28c00000) (1024K)]
  0x000001f304b57440 WorkerThread "GC Thread#4"                     [id=19616, stack(0x0000000c28c00000,0x0000000c28d00000) (1024K)]
  0x000001f304b57870 WorkerThread "GC Thread#5"                     [id=21428, stack(0x0000000c28d00000,0x0000000c28e00000) (1024K)]
  0x000001f304b588d0 WorkerThread "GC Thread#6"                     [id=37552, stack(0x0000000c28e00000,0x0000000c28f00000) (1024K)]
  0x000001f304b58d00 WorkerThread "GC Thread#7"                     [id=33260, stack(0x0000000c28f00000,0x0000000c29000000) (1024K)]
  0x000001f304c79710 WorkerThread "GC Thread#8"                     [id=6828, stack(0x0000000c29500000,0x0000000c29600000) (1024K)]
  0x000001f304c7b0f0 WorkerThread "GC Thread#9"                     [id=18272, stack(0x0000000c29600000,0x0000000c29700000) (1024K)]
  0x000001f364fbd9d0 ConcurrentGCThread "G1 Main Marker"            [id=18172, stack(0x0000000c26b00000,0x0000000c26c00000) (1024K)]
  0x000001f364fc0de0 WorkerThread "G1 Conc#0"                       [id=37520, stack(0x0000000c26c00000,0x0000000c26d00000) (1024K)]
  0x000001f307694d80 WorkerThread "G1 Conc#1"                       [id=13776, stack(0x0000000c29800000,0x0000000c29900000) (1024K)]
  0x000001f3076926b0 WorkerThread "G1 Conc#2"                       [id=24040, stack(0x0000000c29900000,0x0000000c29a00000) (1024K)]
  0x000001f365005c10 ConcurrentGCThread "G1 Refine#0"               [id=9480, stack(0x0000000c26d00000,0x0000000c26e00000) (1024K)]
  0x000001f365006620 ConcurrentGCThread "G1 Service"                [id=26996, stack(0x0000000c26e00000,0x0000000c26f00000) (1024K)]
Total: 18

Threads with active compile tasks:
Total: 0

VM state: at safepoint (normal execution)

VM Mutex/Monitor currently owned by a thread:  ([mutex/lock_event])
[0x00007ff85bd60ba0] Threads_lock - owner thread: 0x000001f3650d4180
[0x00007ff85bd60d20] Heap_lock - owner thread: 0x000001f311d725d0

Heap address: 0x0000000400000000, size: 16384 MB, Compressed Oops mode: Zero based, Oop shift amount: 3

CDS archive(s) mapped at: [0x0000000095000000-0x0000000095dd0000-0x0000000095dd0000), size 14483456, SharedBaseAddress: 0x0000000095000000, ArchiveRelocationMode: 1.
Compressed class space mapped at: 0x0000000096000000-0x00000000d6000000, reserved size: 1073741824
UseCompressedClassPointers 1, UseCompactObjectHeaders 0
Narrow klass pointer bits 32, Max shift 3
Narrow klass base: 0x0000000095000000, Narrow klass shift: 0
Encoding Range: [0x0000000095000000 - 0x0000000195000000), (4294967296 bytes)
Klass Range:    [0x0000000095010000 - 0x00000000d6000000), (1090453504 bytes)
Klass ID Range:  [65536 - 1090519033) (1090453497)
Protection zone: [0x0000000095000000 - 0x0000000095010000), (65536 bytes)

GC Precious Log:
 CardTable entry size: 512
 Card Set container configuration: InlinePtr #cards 4 size 8 Array Of Cards #cards 64 size 144 Howl #buckets 8 coarsen threshold 14745 Howl Bitmap #cards 2048 size 272 coarsen threshold 1843 Card regions per heap region 1 cards per card region 16384
 CPUs: 12 total, 12 available
 Memory: 29020M
 Large Page Support: Disabled
 NUMA Support: Disabled
 Compressed Oops: Enabled (Zero based)
 Heap Region Size: 8M
 Heap Min Capacity: 80M
 Heap Initial Capacity: 80M
 Heap Max Capacity: 16G
 Pre-touch: Disabled
 Parallel Workers: 10
 Concurrent Workers: 3
 Concurrent Refinement Workers: 10
 Periodic GC: Disabled
 String Deduplication is enabled

Heap:
 garbage-first heap   total reserved 16777216K, committed 3989504K, used 1521623K [0x0000000400000000, 0x0000000800000000)
  region size 8192K, 6 young (49152K), 6 survivors (49152K)

Heap Regions: E=young(eden), S=young(survivor), O=old, HS=humongous(starts), HC=humongous(continues), CS=collection set, F=free, TAMS=top-at-mark-start, PB=parsable bottom
|   0|0x0000000400000000, 0x0000000400800000, 0x0000000400800000|100%| O|  |TAMS 0x0000000400800000| PB 0x0000000400000000| Untracked |  0
|   1|0x0000000400800000, 0x0000000401000000, 0x0000000401000000|100%| O|  |TAMS 0x0000000401000000| PB 0x0000000400800000| Untracked |  0
|   2|0x0000000401000000, 0x0000000401800000, 0x0000000401800000|100%| O|  |TAMS 0x0000000401800000| PB 0x0000000401000000| Untracked |  0
|   3|0x0000000401800000, 0x0000000402000000, 0x0000000402000000|100%| O|  |TAMS 0x0000000402000000| PB 0x0000000401800000| Untracked |  0
|   4|0x0000000402000000, 0x0000000402800000, 0x0000000402800000|100%| O|  |TAMS 0x0000000402800000| PB 0x0000000402000000| Untracked |  0
|   5|0x0000000402800000, 0x0000000403000000, 0x0000000403000000|100%| O|  |TAMS 0x0000000403000000| PB 0x0000000402800000| Untracked |  0
|   6|0x0000000403000000, 0x0000000403800000, 0x0000000403800000|100%| O|  |TAMS 0x0000000403800000| PB 0x0000000403000000| Untracked |  0
|   7|0x0000000403800000, 0x0000000404000000, 0x0000000404000000|100%| O|  |TAMS 0x0000000404000000| PB 0x0000000403800000| Untracked |  0
|   8|0x0000000404000000, 0x0000000404800000, 0x0000000404800000|100%| O|  |TAMS 0x0000000404800000| PB 0x0000000404000000| Untracked |  0
|   9|0x0000000404800000, 0x0000000404800000, 0x0000000405000000|  0%| F|  |TAMS 0x0000000404800000| PB 0x0000000404800000| Untracked |  0
|  10|0x0000000405000000, 0x0000000405800000, 0x0000000405800000|100%| O|  |TAMS 0x0000000405800000| PB 0x0000000405000000| Untracked |  0
|  11|0x0000000405800000, 0x0000000406000000, 0x0000000406000000|100%| O|  |TAMS 0x0000000406000000| PB 0x0000000405800000| Untracked |  0
|  12|0x0000000406000000, 0x0000000406800000, 0x0000000406800000|100%| O|  |TAMS 0x0000000406800000| PB 0x0000000406000000| Untracked |  0
|  13|0x0000000406800000, 0x0000000407000000, 0x0000000407000000|100%| O|  |TAMS 0x0000000407000000| PB 0x0000000406800000| Untracked |  0
|  14|0x0000000407000000, 0x0000000407800000, 0x0000000407800000|100%| O|  |TAMS 0x0000000407800000| PB 0x0000000407000000| Untracked |  0
|  15|0x0000000407800000, 0x0000000408000000, 0x0000000408000000|100%| O|  |TAMS 0x0000000408000000| PB 0x0000000407800000| Untracked |  0
|  16|0x0000000408000000, 0x0000000408800000, 0x0000000408800000|100%| O|  |TAMS 0x0000000408800000| PB 0x0000000408000000| Untracked |  0
|  17|0x0000000408800000, 0x0000000408800000, 0x0000000409000000|  0%| F|  |TAMS 0x0000000408800000| PB 0x0000000408800000| Untracked |  0
|  18|0x0000000409000000, 0x0000000409800000, 0x0000000409800000|100%| O|  |TAMS 0x0000000409800000| PB 0x0000000409000000| Untracked |  0
|  19|0x0000000409800000, 0x000000040a000000, 0x000000040a000000|100%| O|  |TAMS 0x000000040a000000| PB 0x0000000409800000| Untracked |  0
|  20|0x000000040a000000, 0x000000040a800000, 0x000000040a800000|100%| O|  |TAMS 0x000000040a800000| PB 0x000000040a000000| Untracked |  0
|  21|0x000000040a800000, 0x000000040b000000, 0x000000040b000000|100%| O|  |TAMS 0x000000040b000000| PB 0x000000040a800000| Untracked |  0
|  22|0x000000040b000000, 0x000000040b800000, 0x000000040b800000|100%| O|  |TAMS 0x000000040b800000| PB 0x000000040b000000| Untracked |  0
|  23|0x000000040b800000, 0x000000040c000000, 0x000000040c000000|100%| O|  |TAMS 0x000000040c000000| PB 0x000000040b800000| Untracked |  0
|  24|0x000000040c000000, 0x000000040c800000, 0x000000040c800000|100%| O|  |TAMS 0x000000040c800000| PB 0x000000040c000000| Untracked |  0
|  25|0x000000040c800000, 0x000000040d000000, 0x000000040d000000|100%|HS|  |TAMS 0x000000040d000000| PB 0x000000040c800000| Complete |  0
|  26|0x000000040d000000, 0x000000040d800000, 0x000000040d800000|100%|HC|  |TAMS 0x000000040d800000| PB 0x000000040d000000| Complete |  0
|  27|0x000000040d800000, 0x000000040e000000, 0x000000040e000000|100%| O|  |TAMS 0x000000040e000000| PB 0x000000040d800000| Untracked |  0
|  28|0x000000040e000000, 0x000000040e800000, 0x000000040e800000|100%| O|  |TAMS 0x000000040e800000| PB 0x000000040e000000| Untracked |  0
|  29|0x000000040e800000, 0x000000040f000000, 0x000000040f000000|100%| O|  |TAMS 0x000000040f000000| PB 0x000000040e800000| Untracked |  0
|  30|0x000000040f000000, 0x000000040f800000, 0x000000040f800000|100%| O|  |TAMS 0x000000040f800000| PB 0x000000040f000000| Untracked |  0
|  31|0x000000040f800000, 0x0000000410000000, 0x0000000410000000|100%|HS|  |TAMS 0x0000000410000000| PB 0x000000040f800000| Complete |  0
|  32|0x0000000410000000, 0x0000000410800000, 0x0000000410800000|100%|HC|  |TAMS 0x0000000410800000| PB 0x0000000410000000| Complete |  0
|  33|0x0000000410800000, 0x0000000411000000, 0x0000000411000000|100%| O|  |TAMS 0x0000000411000000| PB 0x0000000410800000| Untracked |  0
|  34|0x0000000411000000, 0x0000000411800000, 0x0000000411800000|100%| O|  |TAMS 0x0000000411800000| PB 0x0000000411000000| Untracked |  0
|  35|0x0000000411800000, 0x0000000412000000, 0x0000000412000000|100%| O|  |TAMS 0x0000000412000000| PB 0x0000000411800000| Untracked |  0
|  36|0x0000000412000000, 0x0000000412800000, 0x0000000412800000|100%| O|  |TAMS 0x0000000412800000| PB 0x0000000412000000| Untracked |  0
|  37|0x0000000412800000, 0x0000000413000000, 0x0000000413000000|100%| O|  |TAMS 0x0000000413000000| PB 0x0000000412800000| Untracked |  0
|  38|0x0000000413000000, 0x0000000413800000, 0x0000000413800000|100%| O|  |TAMS 0x0000000413800000| PB 0x0000000413000000| Untracked |  0
|  39|0x0000000413800000, 0x0000000414000000, 0x0000000414000000|100%| O|  |TAMS 0x0000000414000000| PB 0x0000000413800000| Untracked |  0
|  40|0x0000000414000000, 0x0000000414800000, 0x0000000414800000|100%| O|  |TAMS 0x0000000414800000| PB 0x0000000414000000| Untracked |  0
|  41|0x0000000414800000, 0x0000000415000000, 0x0000000415000000|100%| O|  |TAMS 0x0000000415000000| PB 0x0000000414800000| Untracked |  0
|  42|0x0000000415000000, 0x0000000415800000, 0x0000000415800000|100%| O|  |TAMS 0x0000000415800000| PB 0x0000000415000000| Untracked |  0
|  43|0x0000000415800000, 0x0000000416000000, 0x0000000416000000|100%| O|  |TAMS 0x0000000416000000| PB 0x0000000415800000| Untracked |  0
|  44|0x0000000416000000, 0x0000000416800000, 0x0000000416800000|100%| O|  |TAMS 0x0000000416800000| PB 0x0000000416000000| Untracked |  0
|  45|0x0000000416800000, 0x0000000417000000, 0x0000000417000000|100%| O|  |TAMS 0x0000000417000000| PB 0x0000000416800000| Untracked |  0
|  46|0x0000000417000000, 0x0000000417800000, 0x0000000417800000|100%| O|  |TAMS 0x0000000417800000| PB 0x0000000417000000| Untracked |  0
|  47|0x0000000417800000, 0x0000000418000000, 0x0000000418000000|100%| O|  |TAMS 0x0000000418000000| PB 0x0000000417800000| Untracked |  0
|  48|0x0000000418000000, 0x0000000418800000, 0x0000000418800000|100%|HS|  |TAMS 0x0000000418800000| PB 0x0000000418000000| Complete |  0
|  49|0x0000000418800000, 0x0000000419000000, 0x0000000419000000|100%|HC|  |TAMS 0x0000000419000000| PB 0x0000000418800000| Complete |  0
|  50|0x0000000419000000, 0x0000000419800000, 0x0000000419800000|100%| O|  |TAMS 0x0000000419800000| PB 0x0000000419000000| Untracked |  0
|  51|0x0000000419800000, 0x000000041a000000, 0x000000041a000000|100%| O|  |TAMS 0x000000041a000000| PB 0x0000000419800000| Untracked |  0
|  52|0x000000041a000000, 0x000000041a800000, 0x000000041a800000|100%| O|  |TAMS 0x000000041a800000| PB 0x000000041a000000| Untracked |  0
|  53|0x000000041a800000, 0x000000041b000000, 0x000000041b000000|100%| O|  |TAMS 0x000000041b000000| PB 0x000000041a800000| Untracked |  0
|  54|0x000000041b000000, 0x000000041b800000, 0x000000041b800000|100%| O|  |TAMS 0x000000041b800000| PB 0x000000041b000000| Untracked |  0
|  55|0x000000041b800000, 0x000000041c000000, 0x000000041c000000|100%| O|  |TAMS 0x000000041c000000| PB 0x000000041b800000| Untracked |  0
|  56|0x000000041c000000, 0x000000041c800000, 0x000000041c800000|100%| O|  |TAMS 0x000000041c800000| PB 0x000000041c000000| Untracked |  0
|  57|0x000000041c800000, 0x000000041d000000, 0x000000041d000000|100%| O|  |TAMS 0x000000041d000000| PB 0x000000041c800000| Untracked |  0
|  58|0x000000041d000000, 0x000000041d800000, 0x000000041d800000|100%| O|  |TAMS 0x000000041d800000| PB 0x000000041d000000| Untracked |  0
|  59|0x000000041d800000, 0x000000041e000000, 0x000000041e000000|100%| O|  |TAMS 0x000000041e000000| PB 0x000000041d800000| Untracked |  0
|  60|0x000000041e000000, 0x000000041e800000, 0x000000041e800000|100%| O|  |TAMS 0x000000041e800000| PB 0x000000041e000000| Untracked |  0
|  61|0x000000041e800000, 0x000000041f000000, 0x000000041f000000|100%| O|  |TAMS 0x000000041f000000| PB 0x000000041e800000| Untracked |  0
|  62|0x000000041f000000, 0x000000041f800000, 0x000000041f800000|100%| O|  |TAMS 0x000000041f800000| PB 0x000000041f000000| Untracked |  0
|  63|0x000000041f800000, 0x0000000420000000, 0x0000000420000000|100%| O|  |TAMS 0x0000000420000000| PB 0x000000041f800000| Untracked |  0
|  64|0x0000000420000000, 0x0000000420800000, 0x0000000420800000|100%| O|  |TAMS 0x0000000420800000| PB 0x0000000420000000| Untracked |  0
|  65|0x0000000420800000, 0x0000000421000000, 0x0000000421000000|100%| O|  |TAMS 0x0000000421000000| PB 0x0000000420800000| Untracked |  0
|  66|0x0000000421000000, 0x0000000421800000, 0x0000000421800000|100%| O|  |TAMS 0x0000000421800000| PB 0x0000000421000000| Untracked |  0
|  67|0x0000000421800000, 0x0000000422000000, 0x0000000422000000|100%| O|  |TAMS 0x0000000422000000| PB 0x0000000421800000| Untracked |  0
|  68|0x0000000422000000, 0x0000000422800000, 0x0000000422800000|100%| O|  |TAMS 0x0000000422800000| PB 0x0000000422000000| Untracked |  0
|  69|0x0000000422800000, 0x0000000423000000, 0x0000000423000000|100%| O|  |TAMS 0x0000000423000000| PB 0x0000000422800000| Untracked |  0
|  70|0x0000000423000000, 0x0000000423800000, 0x0000000423800000|100%| O|  |TAMS 0x0000000423800000| PB 0x0000000423000000| Untracked |  0
|  71|0x0000000423800000, 0x0000000424000000, 0x0000000424000000|100%| O|  |TAMS 0x0000000424000000| PB 0x0000000423800000| Untracked |  0
|  72|0x0000000424000000, 0x0000000424800000, 0x0000000424800000|100%| O|  |TAMS 0x0000000424800000| PB 0x0000000424000000| Untracked |  0
|  73|0x0000000424800000, 0x0000000425000000, 0x0000000425000000|100%| O|  |TAMS 0x0000000425000000| PB 0x0000000424800000| Untracked |  0
|  74|0x0000000425000000, 0x0000000425800000, 0x0000000425800000|100%| O|  |TAMS 0x0000000425800000| PB 0x0000000425000000| Untracked |  0
|  75|0x0000000425800000, 0x0000000426000000, 0x0000000426000000|100%| O|  |TAMS 0x0000000426000000| PB 0x0000000425800000| Untracked |  0
|  76|0x0000000426000000, 0x0000000426800000, 0x0000000426800000|100%| O|  |TAMS 0x0000000426800000| PB 0x0000000426000000| Untracked |  0
|  77|0x0000000426800000, 0x0000000427000000, 0x0000000427000000|100%| O|  |TAMS 0x0000000427000000| PB 0x0000000426800000| Untracked |  0
|  78|0x0000000427000000, 0x0000000427800000, 0x0000000427800000|100%| O|  |TAMS 0x0000000427800000| PB 0x0000000427000000| Untracked |  0
|  79|0x0000000427800000, 0x0000000428000000, 0x0000000428000000|100%| O|  |TAMS 0x0000000428000000| PB 0x0000000427800000| Untracked |  0
|  80|0x0000000428000000, 0x0000000428800000, 0x0000000428800000|100%| O|  |TAMS 0x0000000428800000| PB 0x0000000428000000| Untracked |  0
|  81|0x0000000428800000, 0x0000000429000000, 0x0000000429000000|100%| O|  |TAMS 0x0000000429000000| PB 0x0000000428800000| Untracked |  0
|  82|0x0000000429000000, 0x0000000429800000, 0x0000000429800000|100%| O|  |TAMS 0x0000000429800000| PB 0x0000000429000000| Untracked |  0
|  83|0x0000000429800000, 0x000000042a000000, 0x000000042a000000|100%| O|  |TAMS 0x000000042a000000| PB 0x0000000429800000| Untracked |  0
|  84|0x000000042a000000, 0x000000042a800000, 0x000000042a800000|100%| O|  |TAMS 0x000000042a800000| PB 0x000000042a000000| Untracked |  0
|  85|0x000000042a800000, 0x000000042a800000, 0x000000042b000000|  0%| F|  |TAMS 0x000000042a800000| PB 0x000000042a800000| Untracked |  0
|  86|0x000000042b000000, 0x000000042b800000, 0x000000042b800000|100%| O|  |TAMS 0x000000042b800000| PB 0x000000042b000000| Untracked |  0
|  87|0x000000042b800000, 0x000000042c000000, 0x000000042c000000|100%| O|  |TAMS 0x000000042c000000| PB 0x000000042b800000| Untracked |  0
|  88|0x000000042c000000, 0x000000042c800000, 0x000000042c800000|100%| O|  |TAMS 0x000000042c800000| PB 0x000000042c000000| Untracked |  0
|  89|0x000000042c800000, 0x000000042d000000, 0x000000042d000000|100%| O|  |TAMS 0x000000042d000000| PB 0x000000042c800000| Untracked |  0
|  90|0x000000042d000000, 0x000000042d800000, 0x000000042d800000|100%| O|  |TAMS 0x000000042d800000| PB 0x000000042d000000| Untracked |  0
|  91|0x000000042d800000, 0x000000042e000000, 0x000000042e000000|100%| O|  |TAMS 0x000000042e000000| PB 0x000000042d800000| Untracked |  0
|  92|0x000000042e000000, 0x000000042e800000, 0x000000042e800000|100%| O|  |TAMS 0x000000042e800000| PB 0x000000042e000000| Untracked |  0
|  93|0x000000042e800000, 0x000000042f000000, 0x000000042f000000|100%| O|  |TAMS 0x000000042f000000| PB 0x000000042e800000| Untracked |  0
|  94|0x000000042f000000, 0x000000042f800000, 0x000000042f800000|100%| O|  |TAMS 0x000000042f800000| PB 0x000000042f000000| Untracked |  0
|  95|0x000000042f800000, 0x0000000430000000, 0x0000000430000000|100%| O|  |TAMS 0x0000000430000000| PB 0x000000042f800000| Untracked |  0
|  96|0x0000000430000000, 0x0000000430800000, 0x0000000430800000|100%| O|  |TAMS 0x0000000430800000| PB 0x0000000430000000| Untracked |  0
|  97|0x0000000430800000, 0x0000000431000000, 0x0000000431000000|100%| O|  |TAMS 0x0000000431000000| PB 0x0000000430800000| Untracked |  0
|  98|0x0000000431000000, 0x0000000431800000, 0x0000000431800000|100%| O|  |TAMS 0x0000000431800000| PB 0x0000000431000000| Untracked |  0
|  99|0x0000000431800000, 0x0000000432000000, 0x0000000432000000|100%| O|  |TAMS 0x0000000432000000| PB 0x0000000431800000| Untracked |  0
| 100|0x0000000432000000, 0x0000000432800000, 0x0000000432800000|100%| O|  |TAMS 0x0000000432800000| PB 0x0000000432000000| Untracked |  0
| 101|0x0000000432800000, 0x0000000433000000, 0x0000000433000000|100%| O|  |TAMS 0x0000000433000000| PB 0x0000000432800000| Untracked |  0
| 102|0x0000000433000000, 0x0000000433800000, 0x0000000433800000|100%| O|  |TAMS 0x0000000433800000| PB 0x0000000433000000| Untracked |  0
| 103|0x0000000433800000, 0x0000000433800000, 0x0000000434000000|  0%| F|  |TAMS 0x0000000433800000| PB 0x0000000433800000| Untracked |  0
| 104|0x0000000434000000, 0x0000000434800000, 0x0000000434800000|100%| O|  |TAMS 0x0000000434800000| PB 0x0000000434000000| Untracked |  0
| 105|0x0000000434800000, 0x0000000435000000, 0x0000000435000000|100%| O|  |TAMS 0x0000000435000000| PB 0x0000000434800000| Untracked |  0
| 106|0x0000000435000000, 0x0000000435800000, 0x0000000435800000|100%| O|  |TAMS 0x0000000435800000| PB 0x0000000435000000| Untracked |  0
| 107|0x0000000435800000, 0x0000000436000000, 0x0000000436000000|100%| O|  |TAMS 0x0000000436000000| PB 0x0000000435800000| Untracked |  0
| 108|0x0000000436000000, 0x0000000436800000, 0x0000000436800000|100%| O|  |TAMS 0x0000000436800000| PB 0x0000000436000000| Untracked |  0
| 109|0x0000000436800000, 0x0000000436800000, 0x0000000437000000|  0%| F|  |TAMS 0x0000000436800000| PB 0x0000000436800000| Untracked |  0
| 110|0x0000000437000000, 0x0000000437800000, 0x0000000437800000|100%| O|  |TAMS 0x0000000437800000| PB 0x0000000437000000| Untracked |  0
| 111|0x0000000437800000, 0x0000000438000000, 0x0000000438000000|100%| O|  |TAMS 0x0000000438000000| PB 0x0000000437800000| Untracked |  0
| 112|0x0000000438000000, 0x0000000438800000, 0x0000000438800000|100%| O|  |TAMS 0x0000000438800000| PB 0x0000000438000000| Untracked |  0
| 113|0x0000000438800000, 0x0000000439000000, 0x0000000439000000|100%| O|  |TAMS 0x0000000439000000| PB 0x0000000438800000| Untracked |  0
| 114|0x0000000439000000, 0x0000000439800000, 0x0000000439800000|100%| O|  |TAMS 0x0000000439800000| PB 0x0000000439000000| Untracked |  0
| 115|0x0000000439800000, 0x000000043a000000, 0x000000043a000000|100%| O|  |TAMS 0x000000043a000000| PB 0x0000000439800000| Untracked |  0
| 116|0x000000043a000000, 0x000000043a800000, 0x000000043a800000|100%| O|  |TAMS 0x000000043a800000| PB 0x000000043a000000| Untracked |  0
| 117|0x000000043a800000, 0x000000043b000000, 0x000000043b000000|100%| O|  |TAMS 0x000000043b000000| PB 0x000000043a800000| Untracked |  0
| 118|0x000000043b000000, 0x000000043b800000, 0x000000043b800000|100%| O|  |TAMS 0x000000043b800000| PB 0x000000043b000000| Untracked |  0
| 119|0x000000043b800000, 0x000000043c000000, 0x000000043c000000|100%| O|  |TAMS 0x000000043c000000| PB 0x000000043b800000| Untracked |  0
| 120|0x000000043c000000, 0x000000043c800000, 0x000000043c800000|100%| O|  |TAMS 0x000000043c800000| PB 0x000000043c000000| Untracked |  0
| 121|0x000000043c800000, 0x000000043c800000, 0x000000043d000000|  0%| F|  |TAMS 0x000000043c800000| PB 0x000000043c800000| Untracked |  0
| 122|0x000000043d000000, 0x000000043d800000, 0x000000043d800000|100%| O|  |TAMS 0x000000043d800000| PB 0x000000043d000000| Untracked |  0
| 123|0x000000043d800000, 0x000000043e000000, 0x000000043e000000|100%| O|  |TAMS 0x000000043e000000| PB 0x000000043d800000| Untracked |  0
| 124|0x000000043e000000, 0x000000043e000000, 0x000000043e800000|  0%| F|  |TAMS 0x000000043e000000| PB 0x000000043e000000| Untracked |  0
| 125|0x000000043e800000, 0x000000043f000000, 0x000000043f000000|100%| O|  |TAMS 0x000000043f000000| PB 0x000000043e800000| Untracked |  0
| 126|0x000000043f000000, 0x000000043f800000, 0x000000043f800000|100%| O|  |TAMS 0x000000043f800000| PB 0x000000043f000000| Untracked |  0
| 127|0x000000043f800000, 0x0000000440000000, 0x0000000440000000|100%| O|  |TAMS 0x0000000440000000| PB 0x000000043f800000| Untracked |  0
| 128|0x0000000440000000, 0x0000000440800000, 0x0000000440800000|100%| O|  |TAMS 0x0000000440800000| PB 0x0000000440000000| Untracked |  0
| 129|0x0000000440800000, 0x0000000440800000, 0x0000000441000000|  0%| F|  |TAMS 0x0000000440800000| PB 0x0000000440800000| Untracked |  0
| 130|0x0000000441000000, 0x0000000441800000, 0x0000000441800000|100%| O|  |TAMS 0x0000000441800000| PB 0x0000000441000000| Untracked |  0
| 131|0x0000000441800000, 0x0000000442000000, 0x0000000442000000|100%| O|  |TAMS 0x0000000442000000| PB 0x0000000441800000| Untracked |  0
| 132|0x0000000442000000, 0x0000000442800000, 0x0000000442800000|100%| O|  |TAMS 0x0000000442800000| PB 0x0000000442000000| Untracked |  0
| 133|0x0000000442800000, 0x0000000442800000, 0x0000000443000000|  0%| F|  |TAMS 0x0000000442800000| PB 0x0000000442800000| Untracked |  0
| 134|0x0000000443000000, 0x0000000443000000, 0x0000000443800000|  0%| F|  |TAMS 0x0000000443000000| PB 0x0000000443000000| Untracked |  0
| 135|0x0000000443800000, 0x0000000443800000, 0x0000000444000000|  0%| F|  |TAMS 0x0000000443800000| PB 0x0000000443800000| Untracked |  0
| 136|0x0000000444000000, 0x0000000444800000, 0x0000000444800000|100%| O|  |TAMS 0x0000000444800000| PB 0x0000000444000000| Untracked |  0
| 137|0x0000000444800000, 0x0000000445000000, 0x0000000445000000|100%| O|  |TAMS 0x0000000445000000| PB 0x0000000444800000| Untracked |  0
| 138|0x0000000445000000, 0x0000000445000000, 0x0000000445800000|  0%| F|  |TAMS 0x0000000445000000| PB 0x0000000445000000| Untracked |  0
| 139|0x0000000445800000, 0x0000000446000000, 0x0000000446000000|100%| O|  |TAMS 0x0000000446000000| PB 0x0000000445800000| Untracked |  0
| 140|0x0000000446000000, 0x0000000446000000, 0x0000000446800000|  0%| F|  |TAMS 0x0000000446000000| PB 0x0000000446000000| Untracked |  0
| 141|0x0000000446800000, 0x0000000447000000, 0x0000000447000000|100%| O|  |TAMS 0x0000000447000000| PB 0x0000000446800000| Untracked |  0
| 142|0x0000000447000000, 0x0000000447000000, 0x0000000447800000|  0%| F|  |TAMS 0x0000000447000000| PB 0x0000000447000000| Untracked |  0
| 143|0x0000000447800000, 0x0000000448000000, 0x0000000448000000|100%| O|  |TAMS 0x0000000448000000| PB 0x0000000447800000| Untracked |  0
| 144|0x0000000448000000, 0x0000000448800000, 0x0000000448800000|100%| O|  |TAMS 0x0000000448800000| PB 0x0000000448000000| Untracked |  0
| 145|0x0000000448800000, 0x0000000449000000, 0x0000000449000000|100%|HS|  |TAMS 0x0000000449000000| PB 0x0000000448800000| Complete |  0
| 146|0x0000000449000000, 0x0000000449800000, 0x0000000449800000|100%|HC|  |TAMS 0x0000000449800000| PB 0x0000000449000000| Complete |  0
| 147|0x0000000449800000, 0x000000044a000000, 0x000000044a000000|100%|HC|  |TAMS 0x000000044a000000| PB 0x0000000449800000| Complete |  0
| 148|0x000000044a000000, 0x000000044a800000, 0x000000044a800000|100%| O|  |TAMS 0x000000044a800000| PB 0x000000044a000000| Untracked |  0
| 149|0x000000044a800000, 0x000000044b000000, 0x000000044b000000|100%| O|  |TAMS 0x000000044b000000| PB 0x000000044a800000| Untracked |  0
| 150|0x000000044b000000, 0x000000044b800000, 0x000000044b800000|100%| O|  |TAMS 0x000000044b800000| PB 0x000000044b000000| Untracked |  0
| 151|0x000000044b800000, 0x000000044b800000, 0x000000044c000000|  0%| F|  |TAMS 0x000000044b800000| PB 0x000000044b800000| Untracked |  0
| 152|0x000000044c000000, 0x000000044c000000, 0x000000044c800000|  0%| F|  |TAMS 0x000000044c000000| PB 0x000000044c000000| Untracked |  0
| 153|0x000000044c800000, 0x000000044c800000, 0x000000044d000000|  0%| F|  |TAMS 0x000000044c800000| PB 0x000000044c800000| Untracked |  0
| 154|0x000000044d000000, 0x000000044d000000, 0x000000044d800000|  0%| F|  |TAMS 0x000000044d000000| PB 0x000000044d000000| Untracked |  0
| 155|0x000000044d800000, 0x000000044d800000, 0x000000044e000000|  0%| F|  |TAMS 0x000000044d800000| PB 0x000000044d800000| Untracked |  0
| 156|0x000000044e000000, 0x000000044e000000, 0x000000044e800000|  0%| F|  |TAMS 0x000000044e000000| PB 0x000000044e000000| Untracked |  0
| 157|0x000000044e800000, 0x000000044e800000, 0x000000044f000000|  0%| F|  |TAMS 0x000000044e800000| PB 0x000000044e800000| Untracked |  0
| 158|0x000000044f000000, 0x000000044f000000, 0x000000044f800000|  0%| F|  |TAMS 0x000000044f000000| PB 0x000000044f000000| Untracked |  0
| 159|0x000000044f800000, 0x000000044f800000, 0x0000000450000000|  0%| F|  |TAMS 0x000000044f800000| PB 0x000000044f800000| Untracked |  0
| 160|0x0000000450000000, 0x0000000450000000, 0x0000000450800000|  0%| F|  |TAMS 0x0000000450000000| PB 0x0000000450000000| Untracked |  0
| 161|0x0000000450800000, 0x0000000450800000, 0x0000000451000000|  0%| F|  |TAMS 0x0000000450800000| PB 0x0000000450800000| Untracked |  0
| 162|0x0000000451000000, 0x0000000451000000, 0x0000000451800000|  0%| F|  |TAMS 0x0000000451000000| PB 0x0000000451000000| Untracked |  0
| 163|0x0000000451800000, 0x0000000451800000, 0x0000000452000000|  0%| F|  |TAMS 0x0000000451800000| PB 0x0000000451800000| Untracked |  0
| 164|0x0000000452000000, 0x0000000452000000, 0x0000000452800000|  0%| F|  |TAMS 0x0000000452000000| PB 0x0000000452000000| Untracked |  0
| 165|0x0000000452800000, 0x0000000452800000, 0x0000000453000000|  0%| F|  |TAMS 0x0000000452800000| PB 0x0000000452800000| Untracked |  0
| 166|0x0000000453000000, 0x0000000453000000, 0x0000000453800000|  0%| F|  |TAMS 0x0000000453000000| PB 0x0000000453000000| Untracked |  0
| 167|0x0000000453800000, 0x0000000453800000, 0x0000000454000000|  0%| F|  |TAMS 0x0000000453800000| PB 0x0000000453800000| Untracked |  0
| 168|0x0000000454000000, 0x0000000454000000, 0x0000000454800000|  0%| F|  |TAMS 0x0000000454000000| PB 0x0000000454000000| Untracked |  0
| 169|0x0000000454800000, 0x0000000455000000, 0x0000000455000000|100%| O|  |TAMS 0x0000000455000000| PB 0x0000000454800000| Untracked |  0
| 170|0x0000000455000000, 0x0000000455800000, 0x0000000455800000|100%| O|  |TAMS 0x0000000455800000| PB 0x0000000455000000| Untracked |  0
| 171|0x0000000455800000, 0x0000000455800000, 0x0000000456000000|  0%| F|  |TAMS 0x0000000455800000| PB 0x0000000455800000| Untracked |  0
| 172|0x0000000456000000, 0x0000000456000000, 0x0000000456800000|  0%| F|  |TAMS 0x0000000456000000| PB 0x0000000456000000| Untracked |  0
| 173|0x0000000456800000, 0x0000000456800000, 0x0000000457000000|  0%| F|  |TAMS 0x0000000456800000| PB 0x0000000456800000| Untracked |  0
| 174|0x0000000457000000, 0x0000000457000000, 0x0000000457800000|  0%| F|  |TAMS 0x0000000457000000| PB 0x0000000457000000| Untracked |  0
| 175|0x0000000457800000, 0x0000000457800000, 0x0000000458000000|  0%| F|  |TAMS 0x0000000457800000| PB 0x0000000457800000| Untracked |  0
| 176|0x0000000458000000, 0x0000000458000000, 0x0000000458800000|  0%| F|  |TAMS 0x0000000458000000| PB 0x0000000458000000| Untracked |  0
| 177|0x0000000458800000, 0x0000000458800000, 0x0000000459000000|  0%| F|  |TAMS 0x0000000458800000| PB 0x0000000458800000| Untracked |  0
| 178|0x0000000459000000, 0x0000000459000000, 0x0000000459800000|  0%| F|  |TAMS 0x0000000459000000| PB 0x0000000459000000| Untracked |  0
| 179|0x0000000459800000, 0x0000000459800000, 0x000000045a000000|  0%| F|  |TAMS 0x0000000459800000| PB 0x0000000459800000| Untracked |  0
| 180|0x000000045a000000, 0x000000045a000000, 0x000000045a800000|  0%| F|  |TAMS 0x000000045a000000| PB 0x000000045a000000| Untracked |  0
| 181|0x000000045a800000, 0x000000045a800000, 0x000000045b000000|  0%| F|  |TAMS 0x000000045a800000| PB 0x000000045a800000| Untracked |  0
| 182|0x000000045b000000, 0x000000045b000000, 0x000000045b800000|  0%| F|  |TAMS 0x000000045b000000| PB 0x000000045b000000| Untracked |  0
| 183|0x000000045b800000, 0x000000045b800000, 0x000000045c000000|  0%| F|  |TAMS 0x000000045b800000| PB 0x000000045b800000| Untracked |  0
| 184|0x000000045c000000, 0x000000045c000000, 0x000000045c800000|  0%| F|  |TAMS 0x000000045c000000| PB 0x000000045c000000| Untracked |  0
| 185|0x000000045c800000, 0x000000045d000000, 0x000000045d000000|100%|HS|  |TAMS 0x000000045d000000| PB 0x000000045c800000| Complete |  0
| 186|0x000000045d000000, 0x000000045d800000, 0x000000045d800000|100%|HC|  |TAMS 0x000000045d800000| PB 0x000000045d000000| Complete |  0
| 187|0x000000045d800000, 0x000000045d800000, 0x000000045e000000|  0%| F|  |TAMS 0x000000045d800000| PB 0x000000045d800000| Untracked |  0
| 188|0x000000045e000000, 0x000000045e000000, 0x000000045e800000|  0%| F|  |TAMS 0x000000045e000000| PB 0x000000045e000000| Untracked |  0
| 189|0x000000045e800000, 0x000000045e800000, 0x000000045f000000|  0%| F|  |TAMS 0x000000045e800000| PB 0x000000045e800000| Untracked |  0
| 190|0x000000045f000000, 0x000000045f000000, 0x000000045f800000|  0%| F|  |TAMS 0x000000045f000000| PB 0x000000045f000000| Untracked |  0
| 191|0x000000045f800000, 0x000000045f800000, 0x0000000460000000|  0%| F|  |TAMS 0x000000045f800000| PB 0x000000045f800000| Untracked |  0
| 192|0x0000000460000000, 0x0000000460000000, 0x0000000460800000|  0%| F|  |TAMS 0x0000000460000000| PB 0x0000000460000000| Untracked |  0
| 193|0x0000000460800000, 0x0000000460800000, 0x0000000461000000|  0%| F|  |TAMS 0x0000000460800000| PB 0x0000000460800000| Untracked |  0
| 194|0x0000000461000000, 0x0000000461000000, 0x0000000461800000|  0%| F|  |TAMS 0x0000000461000000| PB 0x0000000461000000| Untracked |  0
| 195|0x0000000461800000, 0x0000000461800000, 0x0000000462000000|  0%| F|  |TAMS 0x0000000461800000| PB 0x0000000461800000| Untracked |  0
| 196|0x0000000462000000, 0x0000000462000000, 0x0000000462800000|  0%| F|  |TAMS 0x0000000462000000| PB 0x0000000462000000| Untracked |  0
| 197|0x0000000462800000, 0x0000000462800000, 0x0000000463000000|  0%| F|  |TAMS 0x0000000462800000| PB 0x0000000462800000| Untracked |  0
| 198|0x0000000463000000, 0x0000000463000000, 0x0000000463800000|  0%| F|  |TAMS 0x0000000463000000| PB 0x0000000463000000| Untracked |  0
| 199|0x0000000463800000, 0x0000000463800000, 0x0000000464000000|  0%| F|  |TAMS 0x0000000463800000| PB 0x0000000463800000| Untracked |  0
| 200|0x0000000464000000, 0x0000000464000000, 0x0000000464800000|  0%| F|  |TAMS 0x0000000464000000| PB 0x0000000464000000| Untracked |  0
| 201|0x0000000464800000, 0x0000000464800000, 0x0000000465000000|  0%| F|  |TAMS 0x0000000464800000| PB 0x0000000464800000| Untracked |  0
| 202|0x0000000465000000, 0x0000000465000000, 0x0000000465800000|  0%| F|  |TAMS 0x0000000465000000| PB 0x0000000465000000| Untracked |  0
| 203|0x0000000465800000, 0x0000000465800000, 0x0000000466000000|  0%| F|  |TAMS 0x0000000465800000| PB 0x0000000465800000| Untracked |  0
| 204|0x0000000466000000, 0x0000000466000000, 0x0000000466800000|  0%| F|  |TAMS 0x0000000466000000| PB 0x0000000466000000| Untracked |  0
| 205|0x0000000466800000, 0x0000000466800000, 0x0000000467000000|  0%| F|  |TAMS 0x0000000466800000| PB 0x0000000466800000| Untracked |  0
| 206|0x0000000467000000, 0x0000000467000000, 0x0000000467800000|  0%| F|  |TAMS 0x0000000467000000| PB 0x0000000467000000| Untracked |  0
| 207|0x0000000467800000, 0x0000000467800000, 0x0000000468000000|  0%| F|  |TAMS 0x0000000467800000| PB 0x0000000467800000| Untracked |  0
| 208|0x0000000468000000, 0x0000000468000000, 0x0000000468800000|  0%| F|  |TAMS 0x0000000468000000| PB 0x0000000468000000| Untracked |  0
| 209|0x0000000468800000, 0x0000000468800000, 0x0000000469000000|  0%| F|  |TAMS 0x0000000468800000| PB 0x0000000468800000| Untracked |  0
| 210|0x0000000469000000, 0x0000000469000000, 0x0000000469800000|  0%| F|  |TAMS 0x0000000469000000| PB 0x0000000469000000| Untracked |  0
| 211|0x0000000469800000, 0x0000000469800000, 0x000000046a000000|  0%| F|  |TAMS 0x0000000469800000| PB 0x0000000469800000| Untracked |  0
| 212|0x000000046a000000, 0x000000046a000000, 0x000000046a800000|  0%| F|  |TAMS 0x000000046a000000| PB 0x000000046a000000| Untracked |  0
| 213|0x000000046a800000, 0x000000046a800000, 0x000000046b000000|  0%| F|  |TAMS 0x000000046a800000| PB 0x000000046a800000| Untracked |  0
| 214|0x000000046b000000, 0x000000046b000000, 0x000000046b800000|  0%| F|  |TAMS 0x000000046b000000| PB 0x000000046b000000| Untracked |  0
| 215|0x000000046b800000, 0x000000046b800000, 0x000000046c000000|  0%| F|  |TAMS 0x000000046b800000| PB 0x000000046b800000| Untracked |  0
| 216|0x000000046c000000, 0x000000046c000000, 0x000000046c800000|  0%| F|  |TAMS 0x000000046c000000| PB 0x000000046c000000| Untracked |  0
| 217|0x000000046c800000, 0x000000046c800000, 0x000000046d000000|  0%| F|  |TAMS 0x000000046c800000| PB 0x000000046c800000| Untracked |  0
| 218|0x000000046d000000, 0x000000046d000000, 0x000000046d800000|  0%| F|  |TAMS 0x000000046d000000| PB 0x000000046d000000| Untracked |  0
| 219|0x000000046d800000, 0x000000046d800000, 0x000000046e000000|  0%| F|  |TAMS 0x000000046d800000| PB 0x000000046d800000| Untracked |  0
| 220|0x000000046e000000, 0x000000046e000000, 0x000000046e800000|  0%| F|  |TAMS 0x000000046e000000| PB 0x000000046e000000| Untracked |  0
| 221|0x000000046e800000, 0x000000046e800000, 0x000000046f000000|  0%| F|  |TAMS 0x000000046e800000| PB 0x000000046e800000| Untracked |  0
| 222|0x000000046f000000, 0x000000046f000000, 0x000000046f800000|  0%| F|  |TAMS 0x000000046f000000| PB 0x000000046f000000| Untracked |  0
| 223|0x000000046f800000, 0x000000046f800000, 0x0000000470000000|  0%| F|  |TAMS 0x000000046f800000| PB 0x000000046f800000| Untracked |  0
| 224|0x0000000470000000, 0x0000000470000000, 0x0000000470800000|  0%| F|  |TAMS 0x0000000470000000| PB 0x0000000470000000| Untracked |  0
| 225|0x0000000470800000, 0x0000000470800000, 0x0000000471000000|  0%| F|  |TAMS 0x0000000470800000| PB 0x0000000470800000| Untracked |  0
| 226|0x0000000471000000, 0x0000000471000000, 0x0000000471800000|  0%| F|  |TAMS 0x0000000471000000| PB 0x0000000471000000| Untracked |  0
| 227|0x0000000471800000, 0x0000000471800000, 0x0000000472000000|  0%| F|  |TAMS 0x0000000471800000| PB 0x0000000471800000| Untracked |  0
| 228|0x0000000472000000, 0x0000000472000000, 0x0000000472800000|  0%| F|  |TAMS 0x0000000472000000| PB 0x0000000472000000| Untracked |  0
| 229|0x0000000472800000, 0x0000000472800000, 0x0000000473000000|  0%| F|  |TAMS 0x0000000472800000| PB 0x0000000472800000| Untracked |  0
| 230|0x0000000473000000, 0x0000000473000000, 0x0000000473800000|  0%| F|  |TAMS 0x0000000473000000| PB 0x0000000473000000| Untracked |  0
| 231|0x0000000473800000, 0x0000000473800000, 0x0000000474000000|  0%| F|  |TAMS 0x0000000473800000| PB 0x0000000473800000| Untracked |  0
| 232|0x0000000474000000, 0x0000000474000000, 0x0000000474800000|  0%| F|  |TAMS 0x0000000474000000| PB 0x0000000474000000| Untracked |  0
| 233|0x0000000474800000, 0x0000000474800000, 0x0000000475000000|  0%| F|  |TAMS 0x0000000474800000| PB 0x0000000474800000| Untracked |  0
| 234|0x0000000475000000, 0x0000000475000000, 0x0000000475800000|  0%| F|  |TAMS 0x0000000475000000| PB 0x0000000475000000| Untracked |  0
| 235|0x0000000475800000, 0x0000000475800000, 0x0000000476000000|  0%| F|  |TAMS 0x0000000475800000| PB 0x0000000475800000| Untracked |  0
| 236|0x0000000476000000, 0x0000000476800000, 0x0000000476800000|100%| O|  |TAMS 0x0000000476800000| PB 0x0000000476000000| Untracked |  0
| 237|0x0000000476800000, 0x0000000476800000, 0x0000000477000000|  0%| F|  |TAMS 0x0000000476800000| PB 0x0000000476800000| Untracked |  0
| 238|0x0000000477000000, 0x0000000477000000, 0x0000000477800000|  0%| F|  |TAMS 0x0000000477000000| PB 0x0000000477000000| Untracked |  0
| 239|0x0000000477800000, 0x0000000477800000, 0x0000000478000000|  0%| F|  |TAMS 0x0000000477800000| PB 0x0000000477800000| Untracked |  0
| 240|0x0000000478000000, 0x0000000478000000, 0x0000000478800000|  0%| F|  |TAMS 0x0000000478000000| PB 0x0000000478000000| Untracked |  0
| 241|0x0000000478800000, 0x0000000478800000, 0x0000000479000000|  0%| F|  |TAMS 0x0000000478800000| PB 0x0000000478800000| Untracked |  0
| 242|0x0000000479000000, 0x0000000479000000, 0x0000000479800000|  0%| F|  |TAMS 0x0000000479000000| PB 0x0000000479000000| Untracked |  0
| 243|0x0000000479800000, 0x0000000479800000, 0x000000047a000000|  0%| F|  |TAMS 0x0000000479800000| PB 0x0000000479800000| Untracked |  0
| 244|0x000000047a000000, 0x000000047a000000, 0x000000047a800000|  0%| F|  |TAMS 0x000000047a000000| PB 0x000000047a000000| Untracked |  0
| 245|0x000000047a800000, 0x000000047a800000, 0x000000047b000000|  0%| F|  |TAMS 0x000000047a800000| PB 0x000000047a800000| Untracked |  0
| 246|0x000000047b000000, 0x000000047b000000, 0x000000047b800000|  0%| F|  |TAMS 0x000000047b000000| PB 0x000000047b000000| Untracked |  0
| 247|0x000000047b800000, 0x000000047b800000, 0x000000047c000000|  0%| F|  |TAMS 0x000000047b800000| PB 0x000000047b800000| Untracked |  0
| 248|0x000000047c000000, 0x000000047c000000, 0x000000047c800000|  0%| F|  |TAMS 0x000000047c000000| PB 0x000000047c000000| Untracked |  0
| 249|0x000000047c800000, 0x000000047c800000, 0x000000047d000000|  0%| F|  |TAMS 0x000000047c800000| PB 0x000000047c800000| Untracked |  0
| 250|0x000000047d000000, 0x000000047d000000, 0x000000047d800000|  0%| F|  |TAMS 0x000000047d000000| PB 0x000000047d000000| Untracked |  0
| 251|0x000000047d800000, 0x000000047d800000, 0x000000047e000000|  0%| F|  |TAMS 0x000000047d800000| PB 0x000000047d800000| Untracked |  0
| 252|0x000000047e000000, 0x000000047e000000, 0x000000047e800000|  0%| F|  |TAMS 0x000000047e000000| PB 0x000000047e000000| Untracked |  0
| 253|0x000000047e800000, 0x000000047e800000, 0x000000047f000000|  0%| F|  |TAMS 0x000000047e800000| PB 0x000000047e800000| Untracked |  0
| 254|0x000000047f000000, 0x000000047f000000, 0x000000047f800000|  0%| F|  |TAMS 0x000000047f000000| PB 0x000000047f000000| Untracked |  0
| 255|0x000000047f800000, 0x000000047f800000, 0x0000000480000000|  0%| F|  |TAMS 0x000000047f800000| PB 0x000000047f800000| Untracked |  0
| 256|0x0000000480000000, 0x0000000480000000, 0x0000000480800000|  0%| F|  |TAMS 0x0000000480000000| PB 0x0000000480000000| Untracked |  0
| 257|0x0000000480800000, 0x0000000480800000, 0x0000000481000000|  0%| F|  |TAMS 0x0000000480800000| PB 0x0000000480800000| Untracked |  0
| 258|0x0000000481000000, 0x0000000481000000, 0x0000000481800000|  0%| F|  |TAMS 0x0000000481000000| PB 0x0000000481000000| Untracked |  0
| 259|0x0000000481800000, 0x0000000481800000, 0x0000000482000000|  0%| F|  |TAMS 0x0000000481800000| PB 0x0000000481800000| Untracked |  0
| 260|0x0000000482000000, 0x0000000482000000, 0x0000000482800000|  0%| F|  |TAMS 0x0000000482000000| PB 0x0000000482000000| Untracked |  0
| 261|0x0000000482800000, 0x0000000482800000, 0x0000000483000000|  0%| F|  |TAMS 0x0000000482800000| PB 0x0000000482800000| Untracked |  0
| 262|0x0000000483000000, 0x0000000483000000, 0x0000000483800000|  0%| F|  |TAMS 0x0000000483000000| PB 0x0000000483000000| Untracked |  0
| 263|0x0000000483800000, 0x0000000483800000, 0x0000000484000000|  0%| F|  |TAMS 0x0000000483800000| PB 0x0000000483800000| Untracked |  0
| 264|0x0000000484000000, 0x0000000484000000, 0x0000000484800000|  0%| F|  |TAMS 0x0000000484000000| PB 0x0000000484000000| Untracked |  0
| 265|0x0000000484800000, 0x0000000484800000, 0x0000000485000000|  0%| F|  |TAMS 0x0000000484800000| PB 0x0000000484800000| Untracked |  0
| 266|0x0000000485000000, 0x0000000485000000, 0x0000000485800000|  0%| F|  |TAMS 0x0000000485000000| PB 0x0000000485000000| Untracked |  0
| 267|0x0000000485800000, 0x0000000485800000, 0x0000000486000000|  0%| F|  |TAMS 0x0000000485800000| PB 0x0000000485800000| Untracked |  0
| 268|0x0000000486000000, 0x0000000486000000, 0x0000000486800000|  0%| F|  |TAMS 0x0000000486000000| PB 0x0000000486000000| Untracked |  0
| 269|0x0000000486800000, 0x0000000486800000, 0x0000000487000000|  0%| F|  |TAMS 0x0000000486800000| PB 0x0000000486800000| Untracked |  0
| 270|0x0000000487000000, 0x0000000487000000, 0x0000000487800000|  0%| F|  |TAMS 0x0000000487000000| PB 0x0000000487000000| Untracked |  0
| 271|0x0000000487800000, 0x0000000487800000, 0x0000000488000000|  0%| F|  |TAMS 0x0000000487800000| PB 0x0000000487800000| Untracked |  0
| 272|0x0000000488000000, 0x0000000488000000, 0x0000000488800000|  0%| F|  |TAMS 0x0000000488000000| PB 0x0000000488000000| Untracked |  0
| 273|0x0000000488800000, 0x0000000488800000, 0x0000000489000000|  0%| F|  |TAMS 0x0000000488800000| PB 0x0000000488800000| Untracked |  0
| 274|0x0000000489000000, 0x0000000489000000, 0x0000000489800000|  0%| F|  |TAMS 0x0000000489000000| PB 0x0000000489000000| Untracked |  0
| 275|0x0000000489800000, 0x0000000489800000, 0x000000048a000000|  0%| F|  |TAMS 0x0000000489800000| PB 0x0000000489800000| Untracked |  0
| 276|0x000000048a000000, 0x000000048a000000, 0x000000048a800000|  0%| F|  |TAMS 0x000000048a000000| PB 0x000000048a000000| Untracked |  0
| 277|0x000000048a800000, 0x000000048a800000, 0x000000048b000000|  0%| F|  |TAMS 0x000000048a800000| PB 0x000000048a800000| Untracked |  0
| 278|0x000000048b000000, 0x000000048b000000, 0x000000048b800000|  0%| F|  |TAMS 0x000000048b000000| PB 0x000000048b000000| Untracked |  0
| 279|0x000000048b800000, 0x000000048b800000, 0x000000048c000000|  0%| F|  |TAMS 0x000000048b800000| PB 0x000000048b800000| Untracked |  0
| 280|0x000000048c000000, 0x000000048c000000, 0x000000048c800000|  0%| F|  |TAMS 0x000000048c000000| PB 0x000000048c000000| Untracked |  0
| 281|0x000000048c800000, 0x000000048c800000, 0x000000048d000000|  0%| F|  |TAMS 0x000000048c800000| PB 0x000000048c800000| Untracked |  0
| 282|0x000000048d000000, 0x000000048d000000, 0x000000048d800000|  0%| F|  |TAMS 0x000000048d000000| PB 0x000000048d000000| Untracked |  0
| 283|0x000000048d800000, 0x000000048d800000, 0x000000048e000000|  0%| F|  |TAMS 0x000000048d800000| PB 0x000000048d800000| Untracked |  0
| 284|0x000000048e000000, 0x000000048e000000, 0x000000048e800000|  0%| F|  |TAMS 0x000000048e000000| PB 0x000000048e000000| Untracked |  0
| 285|0x000000048e800000, 0x000000048e800000, 0x000000048f000000|  0%| F|  |TAMS 0x000000048e800000| PB 0x000000048e800000| Untracked |  0
| 286|0x000000048f000000, 0x000000048f000000, 0x000000048f800000|  0%| F|  |TAMS 0x000000048f000000| PB 0x000000048f000000| Untracked |  0
| 287|0x000000048f800000, 0x000000048f800000, 0x0000000490000000|  0%| F|  |TAMS 0x000000048f800000| PB 0x000000048f800000| Untracked |  0
| 288|0x0000000490000000, 0x0000000490000000, 0x0000000490800000|  0%| F|  |TAMS 0x0000000490000000| PB 0x0000000490000000| Untracked |  0
| 289|0x0000000490800000, 0x0000000490800000, 0x0000000491000000|  0%| F|  |TAMS 0x0000000490800000| PB 0x0000000490800000| Untracked |  0
| 290|0x0000000491000000, 0x0000000491000000, 0x0000000491800000|  0%| F|  |TAMS 0x0000000491000000| PB 0x0000000491000000| Untracked |  0
| 291|0x0000000491800000, 0x0000000491800000, 0x0000000492000000|  0%| F|  |TAMS 0x0000000491800000| PB 0x0000000491800000| Untracked |  0
| 292|0x0000000492000000, 0x0000000492000000, 0x0000000492800000|  0%| F|  |TAMS 0x0000000492000000| PB 0x0000000492000000| Untracked |  0
| 293|0x0000000492800000, 0x0000000492800000, 0x0000000493000000|  0%| F|  |TAMS 0x0000000492800000| PB 0x0000000492800000| Untracked |  0
| 294|0x0000000493000000, 0x0000000493000000, 0x0000000493800000|  0%| F|  |TAMS 0x0000000493000000| PB 0x0000000493000000| Untracked |  0
| 295|0x0000000493800000, 0x0000000494000000, 0x0000000494000000|100%| O|  |TAMS 0x0000000494000000| PB 0x0000000493800000| Untracked |  0
| 296|0x0000000494000000, 0x0000000494000000, 0x0000000494800000|  0%| F|  |TAMS 0x0000000494000000| PB 0x0000000494000000| Untracked |  0
| 297|0x0000000494800000, 0x0000000494800000, 0x0000000495000000|  0%| F|  |TAMS 0x0000000494800000| PB 0x0000000494800000| Untracked |  0
| 298|0x0000000495000000, 0x0000000495000000, 0x0000000495800000|  0%| F|  |TAMS 0x0000000495000000| PB 0x0000000495000000| Untracked |  0
| 299|0x0000000495800000, 0x0000000495800000, 0x0000000496000000|  0%| F|  |TAMS 0x0000000495800000| PB 0x0000000495800000| Untracked |  0
| 300|0x0000000496000000, 0x0000000496000000, 0x0000000496800000|  0%| F|  |TAMS 0x0000000496000000| PB 0x0000000496000000| Untracked |  0
| 301|0x0000000496800000, 0x0000000496800000, 0x0000000497000000|  0%| F|  |TAMS 0x0000000496800000| PB 0x0000000496800000| Untracked |  0
| 302|0x0000000497000000, 0x0000000497000000, 0x0000000497800000|  0%| F|  |TAMS 0x0000000497000000| PB 0x0000000497000000| Untracked |  0
| 303|0x0000000497800000, 0x0000000497800000, 0x0000000498000000|  0%| F|  |TAMS 0x0000000497800000| PB 0x0000000497800000| Untracked |  0
| 304|0x0000000498000000, 0x0000000498000000, 0x0000000498800000|  0%| F|  |TAMS 0x0000000498000000| PB 0x0000000498000000| Untracked |  0
| 305|0x0000000498800000, 0x0000000498800000, 0x0000000499000000|  0%| F|  |TAMS 0x0000000498800000| PB 0x0000000498800000| Untracked |  0
| 306|0x0000000499000000, 0x0000000499000000, 0x0000000499800000|  0%| F|  |TAMS 0x0000000499000000| PB 0x0000000499000000| Untracked |  0
| 307|0x0000000499800000, 0x0000000499800000, 0x000000049a000000|  0%| F|  |TAMS 0x0000000499800000| PB 0x0000000499800000| Untracked |  0
| 308|0x000000049a000000, 0x000000049a000000, 0x000000049a800000|  0%| F|  |TAMS 0x000000049a000000| PB 0x000000049a000000| Untracked |  0
| 309|0x000000049a800000, 0x000000049a800000, 0x000000049b000000|  0%| F|  |TAMS 0x000000049a800000| PB 0x000000049a800000| Untracked |  0
| 310|0x000000049b000000, 0x000000049b000000, 0x000000049b800000|  0%| F|  |TAMS 0x000000049b000000| PB 0x000000049b000000| Untracked |  0
| 311|0x000000049b800000, 0x000000049b800000, 0x000000049c000000|  0%| F|  |TAMS 0x000000049b800000| PB 0x000000049b800000| Untracked |  0
| 312|0x000000049c000000, 0x000000049c000000, 0x000000049c800000|  0%| F|  |TAMS 0x000000049c000000| PB 0x000000049c000000| Untracked |  0
| 313|0x000000049c800000, 0x000000049c800000, 0x000000049d000000|  0%| F|  |TAMS 0x000000049c800000| PB 0x000000049c800000| Untracked |  0
| 314|0x000000049d000000, 0x000000049d000000, 0x000000049d800000|  0%| F|  |TAMS 0x000000049d000000| PB 0x000000049d000000| Untracked |  0
| 315|0x000000049d800000, 0x000000049d800000, 0x000000049e000000|  0%| F|  |TAMS 0x000000049d800000| PB 0x000000049d800000| Untracked |  0
| 316|0x000000049e000000, 0x000000049e000000, 0x000000049e800000|  0%| F|  |TAMS 0x000000049e000000| PB 0x000000049e000000| Untracked |  0
| 317|0x000000049e800000, 0x000000049e800000, 0x000000049f000000|  0%| F|  |TAMS 0x000000049e800000| PB 0x000000049e800000| Untracked |  0
| 318|0x000000049f000000, 0x000000049f000000, 0x000000049f800000|  0%| F|  |TAMS 0x000000049f000000| PB 0x000000049f000000| Untracked |  0
| 319|0x000000049f800000, 0x000000049f800000, 0x00000004a0000000|  0%| F|  |TAMS 0x000000049f800000| PB 0x000000049f800000| Untracked |  0
| 320|0x00000004a0000000, 0x00000004a0000000, 0x00000004a0800000|  0%| F|  |TAMS 0x00000004a0000000| PB 0x00000004a0000000| Untracked |  0
| 321|0x00000004a0800000, 0x00000004a0800000, 0x00000004a1000000|  0%| F|  |TAMS 0x00000004a0800000| PB 0x00000004a0800000| Untracked |  0
| 322|0x00000004a1000000, 0x00000004a1000000, 0x00000004a1800000|  0%| F|  |TAMS 0x00000004a1000000| PB 0x00000004a1000000| Untracked |  0
| 323|0x00000004a1800000, 0x00000004a1800000, 0x00000004a2000000|  0%| F|  |TAMS 0x00000004a1800000| PB 0x00000004a1800000| Untracked |  0
| 324|0x00000004a2000000, 0x00000004a2000000, 0x00000004a2800000|  0%| F|  |TAMS 0x00000004a2000000| PB 0x00000004a2000000| Untracked |  0
| 325|0x00000004a2800000, 0x00000004a2800000, 0x00000004a3000000|  0%| F|  |TAMS 0x00000004a2800000| PB 0x00000004a2800000| Untracked |  0
| 326|0x00000004a3000000, 0x00000004a3000000, 0x00000004a3800000|  0%| F|  |TAMS 0x00000004a3000000| PB 0x00000004a3000000| Untracked |  0
| 327|0x00000004a3800000, 0x00000004a3800000, 0x00000004a4000000|  0%| F|  |TAMS 0x00000004a3800000| PB 0x00000004a3800000| Untracked |  0
| 328|0x00000004a4000000, 0x00000004a4000000, 0x00000004a4800000|  0%| F|  |TAMS 0x00000004a4000000| PB 0x00000004a4000000| Untracked |  0
| 329|0x00000004a4800000, 0x00000004a4800000, 0x00000004a5000000|  0%| F|  |TAMS 0x00000004a4800000| PB 0x00000004a4800000| Untracked |  0
| 330|0x00000004a5000000, 0x00000004a5000000, 0x00000004a5800000|  0%| F|  |TAMS 0x00000004a5000000| PB 0x00000004a5000000| Untracked |  0
| 331|0x00000004a5800000, 0x00000004a5800000, 0x00000004a6000000|  0%| F|  |TAMS 0x00000004a5800000| PB 0x00000004a5800000| Untracked |  0
| 332|0x00000004a6000000, 0x00000004a6000000, 0x00000004a6800000|  0%| F|  |TAMS 0x00000004a6000000| PB 0x00000004a6000000| Untracked |  0
| 333|0x00000004a6800000, 0x00000004a6800000, 0x00000004a7000000|  0%| F|  |TAMS 0x00000004a6800000| PB 0x00000004a6800000| Untracked |  0
| 334|0x00000004a7000000, 0x00000004a7000000, 0x00000004a7800000|  0%| F|  |TAMS 0x00000004a7000000| PB 0x00000004a7000000| Untracked |  0
| 335|0x00000004a7800000, 0x00000004a7800000, 0x00000004a8000000|  0%| F|  |TAMS 0x00000004a7800000| PB 0x00000004a7800000| Untracked |  0
| 336|0x00000004a8000000, 0x00000004a8000000, 0x00000004a8800000|  0%| F|  |TAMS 0x00000004a8000000| PB 0x00000004a8000000| Untracked |  0
| 337|0x00000004a8800000, 0x00000004a8800000, 0x00000004a9000000|  0%| F|  |TAMS 0x00000004a8800000| PB 0x00000004a8800000| Untracked |  0
| 338|0x00000004a9000000, 0x00000004a9000000, 0x00000004a9800000|  0%| F|  |TAMS 0x00000004a9000000| PB 0x00000004a9000000| Untracked |  0
| 339|0x00000004a9800000, 0x00000004a9800000, 0x00000004aa000000|  0%| F|  |TAMS 0x00000004a9800000| PB 0x00000004a9800000| Untracked |  0
| 340|0x00000004aa000000, 0x00000004aa000000, 0x00000004aa800000|  0%| F|  |TAMS 0x00000004aa000000| PB 0x00000004aa000000| Untracked |  0
| 341|0x00000004aa800000, 0x00000004aa800000, 0x00000004ab000000|  0%| F|  |TAMS 0x00000004aa800000| PB 0x00000004aa800000| Untracked |  0
| 342|0x00000004ab000000, 0x00000004ab000000, 0x00000004ab800000|  0%| F|  |TAMS 0x00000004ab000000| PB 0x00000004ab000000| Untracked |  0
| 343|0x00000004ab800000, 0x00000004ab800000, 0x00000004ac000000|  0%| F|  |TAMS 0x00000004ab800000| PB 0x00000004ab800000| Untracked |  0
| 344|0x00000004ac000000, 0x00000004ac000000, 0x00000004ac800000|  0%| F|  |TAMS 0x00000004ac000000| PB 0x00000004ac000000| Untracked |  0
| 345|0x00000004ac800000, 0x00000004ac800000, 0x00000004ad000000|  0%| F|  |TAMS 0x00000004ac800000| PB 0x00000004ac800000| Untracked |  0
| 346|0x00000004ad000000, 0x00000004ad000000, 0x00000004ad800000|  0%| F|  |TAMS 0x00000004ad000000| PB 0x00000004ad000000| Untracked |  0
| 347|0x00000004ad800000, 0x00000004ad800000, 0x00000004ae000000|  0%| F|  |TAMS 0x00000004ad800000| PB 0x00000004ad800000| Untracked |  0
| 348|0x00000004ae000000, 0x00000004ae000000, 0x00000004ae800000|  0%| F|  |TAMS 0x00000004ae000000| PB 0x00000004ae000000| Untracked |  0
| 349|0x00000004ae800000, 0x00000004ae800000, 0x00000004af000000|  0%| F|  |TAMS 0x00000004ae800000| PB 0x00000004ae800000| Untracked |  0
| 350|0x00000004af000000, 0x00000004af000000, 0x00000004af800000|  0%| F|  |TAMS 0x00000004af000000| PB 0x00000004af000000| Untracked |  0
| 351|0x00000004af800000, 0x00000004af800000, 0x00000004b0000000|  0%| F|  |TAMS 0x00000004af800000| PB 0x00000004af800000| Untracked |  0
| 352|0x00000004b0000000, 0x00000004b0000000, 0x00000004b0800000|  0%| F|  |TAMS 0x00000004b0000000| PB 0x00000004b0000000| Untracked |  0
| 353|0x00000004b0800000, 0x00000004b0800000, 0x00000004b1000000|  0%| F|  |TAMS 0x00000004b0800000| PB 0x00000004b0800000| Untracked |  0
| 354|0x00000004b1000000, 0x00000004b1000000, 0x00000004b1800000|  0%| F|  |TAMS 0x00000004b1000000| PB 0x00000004b1000000| Untracked |  0
| 355|0x00000004b1800000, 0x00000004b1800000, 0x00000004b2000000|  0%| F|  |TAMS 0x00000004b1800000| PB 0x00000004b1800000| Untracked |  0
| 356|0x00000004b2000000, 0x00000004b2000000, 0x00000004b2800000|  0%| F|  |TAMS 0x00000004b2000000| PB 0x00000004b2000000| Untracked |  0
| 357|0x00000004b2800000, 0x00000004b2800000, 0x00000004b3000000|  0%| F|  |TAMS 0x00000004b2800000| PB 0x00000004b2800000| Untracked |  0
| 358|0x00000004b3000000, 0x00000004b3000000, 0x00000004b3800000|  0%| F|  |TAMS 0x00000004b3000000| PB 0x00000004b3000000| Untracked |  0
| 359|0x00000004b3800000, 0x00000004b3800000, 0x00000004b4000000|  0%| F|  |TAMS 0x00000004b3800000| PB 0x00000004b3800000| Untracked |  0
| 360|0x00000004b4000000, 0x00000004b4000000, 0x00000004b4800000|  0%| F|  |TAMS 0x00000004b4000000| PB 0x00000004b4000000| Untracked |  0
| 361|0x00000004b4800000, 0x00000004b4800000, 0x00000004b5000000|  0%| F|  |TAMS 0x00000004b4800000| PB 0x00000004b4800000| Untracked |  0
| 362|0x00000004b5000000, 0x00000004b5000000, 0x00000004b5800000|  0%| F|  |TAMS 0x00000004b5000000| PB 0x00000004b5000000| Untracked |  0
| 363|0x00000004b5800000, 0x00000004b5800000, 0x00000004b6000000|  0%| F|  |TAMS 0x00000004b5800000| PB 0x00000004b5800000| Untracked |  0
| 364|0x00000004b6000000, 0x00000004b6000000, 0x00000004b6800000|  0%| F|  |TAMS 0x00000004b6000000| PB 0x00000004b6000000| Untracked |  0
| 365|0x00000004b6800000, 0x00000004b6800000, 0x00000004b7000000|  0%| F|  |TAMS 0x00000004b6800000| PB 0x00000004b6800000| Untracked |  0
| 366|0x00000004b7000000, 0x00000004b7000000, 0x00000004b7800000|  0%| F|  |TAMS 0x00000004b7000000| PB 0x00000004b7000000| Untracked |  0
| 367|0x00000004b7800000, 0x00000004b7800000, 0x00000004b8000000|  0%| F|  |TAMS 0x00000004b7800000| PB 0x00000004b7800000| Untracked |  0
| 368|0x00000004b8000000, 0x00000004b8000000, 0x00000004b8800000|  0%| F|  |TAMS 0x00000004b8000000| PB 0x00000004b8000000| Untracked |  0
| 369|0x00000004b8800000, 0x00000004b8800000, 0x00000004b9000000|  0%| F|  |TAMS 0x00000004b8800000| PB 0x00000004b8800000| Untracked |  0
| 370|0x00000004b9000000, 0x00000004b9000000, 0x00000004b9800000|  0%| F|  |TAMS 0x00000004b9000000| PB 0x00000004b9000000| Untracked |  0
| 371|0x00000004b9800000, 0x00000004b9800000, 0x00000004ba000000|  0%| F|  |TAMS 0x00000004b9800000| PB 0x00000004b9800000| Untracked |  0
| 372|0x00000004ba000000, 0x00000004ba000000, 0x00000004ba800000|  0%| F|  |TAMS 0x00000004ba000000| PB 0x00000004ba000000| Untracked |  0
| 373|0x00000004ba800000, 0x00000004ba800000, 0x00000004bb000000|  0%| F|  |TAMS 0x00000004ba800000| PB 0x00000004ba800000| Untracked |  0
| 374|0x00000004bb000000, 0x00000004bb000000, 0x00000004bb800000|  0%| F|  |TAMS 0x00000004bb000000| PB 0x00000004bb000000| Untracked |  0
| 375|0x00000004bb800000, 0x00000004bb800000, 0x00000004bc000000|  0%| F|  |TAMS 0x00000004bb800000| PB 0x00000004bb800000| Untracked |  0
| 376|0x00000004bc000000, 0x00000004bc000000, 0x00000004bc800000|  0%| F|  |TAMS 0x00000004bc000000| PB 0x00000004bc000000| Untracked |  0
| 377|0x00000004bc800000, 0x00000004bc800000, 0x00000004bd000000|  0%| F|  |TAMS 0x00000004bc800000| PB 0x00000004bc800000| Untracked |  0
| 378|0x00000004bd000000, 0x00000004bd000000, 0x00000004bd800000|  0%| F|  |TAMS 0x00000004bd000000| PB 0x00000004bd000000| Untracked |  0
| 379|0x00000004bd800000, 0x00000004bd800000, 0x00000004be000000|  0%| F|  |TAMS 0x00000004bd800000| PB 0x00000004bd800000| Untracked |  0
| 380|0x00000004be000000, 0x00000004be000000, 0x00000004be800000|  0%| F|  |TAMS 0x00000004be000000| PB 0x00000004be000000| Untracked |  0
| 381|0x00000004be800000, 0x00000004be800000, 0x00000004bf000000|  0%| F|  |TAMS 0x00000004be800000| PB 0x00000004be800000| Untracked |  0
| 382|0x00000004bf000000, 0x00000004bf000000, 0x00000004bf800000|  0%| F|  |TAMS 0x00000004bf000000| PB 0x00000004bf000000| Untracked |  0
| 383|0x00000004bf800000, 0x00000004bf800000, 0x00000004c0000000|  0%| F|  |TAMS 0x00000004bf800000| PB 0x00000004bf800000| Untracked |  0
| 384|0x00000004c0000000, 0x00000004c0000000, 0x00000004c0800000|  0%| F|  |TAMS 0x00000004c0000000| PB 0x00000004c0000000| Untracked |  0
| 385|0x00000004c0800000, 0x00000004c0800000, 0x00000004c1000000|  0%| F|  |TAMS 0x00000004c0800000| PB 0x00000004c0800000| Untracked |  0
| 386|0x00000004c1000000, 0x00000004c1000000, 0x00000004c1800000|  0%| F|  |TAMS 0x00000004c1000000| PB 0x00000004c1000000| Untracked |  0
| 387|0x00000004c1800000, 0x00000004c1800000, 0x00000004c2000000|  0%| F|  |TAMS 0x00000004c1800000| PB 0x00000004c1800000| Untracked |  0
| 388|0x00000004c2000000, 0x00000004c2000000, 0x00000004c2800000|  0%| F|  |TAMS 0x00000004c2000000| PB 0x00000004c2000000| Untracked |  0
| 389|0x00000004c2800000, 0x00000004c2800000, 0x00000004c3000000|  0%| F|  |TAMS 0x00000004c2800000| PB 0x00000004c2800000| Untracked |  0
| 390|0x00000004c3000000, 0x00000004c3000000, 0x00000004c3800000|  0%| F|  |TAMS 0x00000004c3000000| PB 0x00000004c3000000| Untracked |  0
| 391|0x00000004c3800000, 0x00000004c3800000, 0x00000004c4000000|  0%| F|  |TAMS 0x00000004c3800000| PB 0x00000004c3800000| Untracked |  0
| 392|0x00000004c4000000, 0x00000004c4000000, 0x00000004c4800000|  0%| F|  |TAMS 0x00000004c4000000| PB 0x00000004c4000000| Untracked |  0
| 393|0x00000004c4800000, 0x00000004c4800000, 0x00000004c5000000|  0%| F|  |TAMS 0x00000004c4800000| PB 0x00000004c4800000| Untracked |  0
| 394|0x00000004c5000000, 0x00000004c5000000, 0x00000004c5800000|  0%| F|  |TAMS 0x00000004c5000000| PB 0x00000004c5000000| Untracked |  0
| 395|0x00000004c5800000, 0x00000004c5800000, 0x00000004c6000000|  0%| F|  |TAMS 0x00000004c5800000| PB 0x00000004c5800000| Untracked |  0
| 396|0x00000004c6000000, 0x00000004c6000000, 0x00000004c6800000|  0%| F|  |TAMS 0x00000004c6000000| PB 0x00000004c6000000| Untracked |  0
| 397|0x00000004c6800000, 0x00000004c6800000, 0x00000004c7000000|  0%| F|  |TAMS 0x00000004c6800000| PB 0x00000004c6800000| Untracked |  0
| 398|0x00000004c7000000, 0x00000004c7000000, 0x00000004c7800000|  0%| F|  |TAMS 0x00000004c7000000| PB 0x00000004c7000000| Untracked |  0
| 399|0x00000004c7800000, 0x00000004c7800000, 0x00000004c8000000|  0%| F|  |TAMS 0x00000004c7800000| PB 0x00000004c7800000| Untracked |  0
| 400|0x00000004c8000000, 0x00000004c8000000, 0x00000004c8800000|  0%| F|  |TAMS 0x00000004c8000000| PB 0x00000004c8000000| Untracked |  0
| 401|0x00000004c8800000, 0x00000004c8800000, 0x00000004c9000000|  0%| F|  |TAMS 0x00000004c8800000| PB 0x00000004c8800000| Untracked |  0
| 402|0x00000004c9000000, 0x00000004c9000000, 0x00000004c9800000|  0%| F|  |TAMS 0x00000004c9000000| PB 0x00000004c9000000| Untracked |  0
| 403|0x00000004c9800000, 0x00000004c9800000, 0x00000004ca000000|  0%| F|  |TAMS 0x00000004c9800000| PB 0x00000004c9800000| Untracked |  0
| 404|0x00000004ca000000, 0x00000004ca000000, 0x00000004ca800000|  0%| F|  |TAMS 0x00000004ca000000| PB 0x00000004ca000000| Untracked |  0
| 405|0x00000004ca800000, 0x00000004ca800000, 0x00000004cb000000|  0%| F|  |TAMS 0x00000004ca800000| PB 0x00000004ca800000| Untracked |  0
| 406|0x00000004cb000000, 0x00000004cb000000, 0x00000004cb800000|  0%| F|  |TAMS 0x00000004cb000000| PB 0x00000004cb000000| Untracked |  0
| 407|0x00000004cb800000, 0x00000004cb800000, 0x00000004cc000000|  0%| F|  |TAMS 0x00000004cb800000| PB 0x00000004cb800000| Untracked |  0
| 408|0x00000004cc000000, 0x00000004cc000000, 0x00000004cc800000|  0%| F|  |TAMS 0x00000004cc000000| PB 0x00000004cc000000| Untracked |  0
| 409|0x00000004cc800000, 0x00000004cc800000, 0x00000004cd000000|  0%| F|  |TAMS 0x00000004cc800000| PB 0x00000004cc800000| Untracked |  0
| 410|0x00000004cd000000, 0x00000004cd000000, 0x00000004cd800000|  0%| F|  |TAMS 0x00000004cd000000| PB 0x00000004cd000000| Untracked |  0
| 411|0x00000004cd800000, 0x00000004cd800000, 0x00000004ce000000|  0%| F|  |TAMS 0x00000004cd800000| PB 0x00000004cd800000| Untracked |  0
| 412|0x00000004ce000000, 0x00000004ce000000, 0x00000004ce800000|  0%| F|  |TAMS 0x00000004ce000000| PB 0x00000004ce000000| Untracked |  0
| 413|0x00000004ce800000, 0x00000004ce800000, 0x00000004cf000000|  0%| F|  |TAMS 0x00000004ce800000| PB 0x00000004ce800000| Untracked |  0
| 414|0x00000004cf000000, 0x00000004cf000000, 0x00000004cf800000|  0%| F|  |TAMS 0x00000004cf000000| PB 0x00000004cf000000| Untracked |  0
| 415|0x00000004cf800000, 0x00000004cf800000, 0x00000004d0000000|  0%| F|  |TAMS 0x00000004cf800000| PB 0x00000004cf800000| Untracked |  0
| 416|0x00000004d0000000, 0x00000004d0000000, 0x00000004d0800000|  0%| F|  |TAMS 0x00000004d0000000| PB 0x00000004d0000000| Untracked |  0
| 417|0x00000004d0800000, 0x00000004d0800000, 0x00000004d1000000|  0%| F|  |TAMS 0x00000004d0800000| PB 0x00000004d0800000| Untracked |  0
| 418|0x00000004d1000000, 0x00000004d1000000, 0x00000004d1800000|  0%| F|  |TAMS 0x00000004d1000000| PB 0x00000004d1000000| Untracked |  0
| 419|0x00000004d1800000, 0x00000004d1800000, 0x00000004d2000000|  0%| F|  |TAMS 0x00000004d1800000| PB 0x00000004d1800000| Untracked |  0
| 420|0x00000004d2000000, 0x00000004d2000000, 0x00000004d2800000|  0%| F|  |TAMS 0x00000004d2000000| PB 0x00000004d2000000| Untracked |  0
| 421|0x00000004d2800000, 0x00000004d2800000, 0x00000004d3000000|  0%| F|  |TAMS 0x00000004d2800000| PB 0x00000004d2800000| Untracked |  0
| 422|0x00000004d3000000, 0x00000004d3000000, 0x00000004d3800000|  0%| F|  |TAMS 0x00000004d3000000| PB 0x00000004d3000000| Untracked |  0
| 423|0x00000004d3800000, 0x00000004d3800000, 0x00000004d4000000|  0%| F|  |TAMS 0x00000004d3800000| PB 0x00000004d3800000| Untracked |  0
| 424|0x00000004d4000000, 0x00000004d4000000, 0x00000004d4800000|  0%| F|  |TAMS 0x00000004d4000000| PB 0x00000004d4000000| Untracked |  0
| 425|0x00000004d4800000, 0x00000004d4800000, 0x00000004d5000000|  0%| F|  |TAMS 0x00000004d4800000| PB 0x00000004d4800000| Untracked |  0
| 426|0x00000004d5000000, 0x00000004d5000000, 0x00000004d5800000|  0%| F|  |TAMS 0x00000004d5000000| PB 0x00000004d5000000| Untracked |  0
|1988|0x00000007e2000000, 0x00000007e2129940, 0x00000007e2800000| 14%| O|  |TAMS 0x00000007e2129940| PB 0x00000007e2000000| Untracked |  0
|1989|0x00000007e2800000, 0x00000007e3000000, 0x00000007e3000000|100%| O|  |TAMS 0x00000007e3000000| PB 0x00000007e2800000| Untracked |  0
|1990|0x00000007e3000000, 0x00000007e3800000, 0x00000007e3800000|100%| O|  |TAMS 0x00000007e3800000| PB 0x00000007e3000000| Untracked |  0
|1991|0x00000007e3800000, 0x00000007e3e493f8, 0x00000007e4000000| 78%| O|  |TAMS 0x00000007e3e493f8| PB 0x00000007e3800000| Untracked |  0
|1992|0x00000007e4000000, 0x00000007e4800000, 0x00000007e4800000|100%| O|  |TAMS 0x00000007e4800000| PB 0x00000007e4000000| Untracked |  0
|1993|0x00000007e4800000, 0x00000007e5000000, 0x00000007e5000000|100%| O|  |TAMS 0x00000007e5000000| PB 0x00000007e4800000| Untracked |  0
|1994|0x00000007e5000000, 0x00000007e5800000, 0x00000007e5800000|100%| O|  |TAMS 0x00000007e5800000| PB 0x00000007e5000000| Untracked |  0
|1995|0x00000007e5800000, 0x00000007e6000000, 0x00000007e6000000|100%| O|  |TAMS 0x00000007e6000000| PB 0x00000007e5800000| Untracked |  0
|1996|0x00000007e6000000, 0x00000007e6800000, 0x00000007e6800000|100%| O|  |TAMS 0x00000007e6800000| PB 0x00000007e6000000| Untracked |  0
|1997|0x00000007e6800000, 0x00000007e6800000, 0x00000007e7000000|  0%| F|  |TAMS 0x00000007e6800000| PB 0x00000007e6800000| Untracked |  0
|1998|0x00000007e7000000, 0x00000007e7800000, 0x00000007e7800000|100%| O|  |TAMS 0x00000007e7800000| PB 0x00000007e7000000| Untracked |  0
|1999|0x00000007e7800000, 0x00000007e8000000, 0x00000007e8000000|100%| O|  |TAMS 0x00000007e8000000| PB 0x00000007e7800000| Untracked |  0
|2000|0x00000007e8000000, 0x00000007e8000000, 0x00000007e8800000|  0%| F|  |TAMS 0x00000007e8000000| PB 0x00000007e8000000| Untracked |  0
|2001|0x00000007e8800000, 0x00000007e8800000, 0x00000007e9000000|  0%| F|  |TAMS 0x00000007e8800000| PB 0x00000007e8800000| Untracked |  0
|2002|0x00000007e9000000, 0x00000007e9000000, 0x00000007e9800000|  0%| F|  |TAMS 0x00000007e9000000| PB 0x00000007e9000000| Untracked |  0
|2003|0x00000007e9800000, 0x00000007ea000000, 0x00000007ea000000|100%| O|  |TAMS 0x00000007ea000000| PB 0x00000007e9800000| Untracked |  0
|2004|0x00000007ea000000, 0x00000007ea800000, 0x00000007ea800000|100%| O|  |TAMS 0x00000007ea800000| PB 0x00000007ea000000| Untracked |  0
|2005|0x00000007ea800000, 0x00000007eb000000, 0x00000007eb000000|100%| O|  |TAMS 0x00000007eb000000| PB 0x00000007ea800000| Untracked |  0
|2006|0x00000007eb000000, 0x00000007eb800000, 0x00000007eb800000|100%| O|  |TAMS 0x00000007eb800000| PB 0x00000007eb000000| Untracked |  0
|2007|0x00000007eb800000, 0x00000007eb800000, 0x00000007ec000000|  0%| F|  |TAMS 0x00000007eb800000| PB 0x00000007eb800000| Untracked |  0
|2008|0x00000007ec000000, 0x00000007ec800000, 0x00000007ec800000|100%| O|  |TAMS 0x00000007ec800000| PB 0x00000007ec000000| Untracked |  0
|2009|0x00000007ec800000, 0x00000007ed000000, 0x00000007ed000000|100%| O|  |TAMS 0x00000007ed000000| PB 0x00000007ec800000| Untracked |  0
|2010|0x00000007ed000000, 0x00000007ed000000, 0x00000007ed800000|  0%| F|  |TAMS 0x00000007ed000000| PB 0x00000007ed000000| Untracked |  0
|2011|0x00000007ed800000, 0x00000007ed800000, 0x00000007ee000000|  0%| F|  |TAMS 0x00000007ed800000| PB 0x00000007ed800000| Untracked |  0
|2012|0x00000007ee000000, 0x00000007ee000000, 0x00000007ee800000|  0%| F|  |TAMS 0x00000007ee000000| PB 0x00000007ee000000| Untracked |  0
|2013|0x00000007ee800000, 0x00000007ee800000, 0x00000007ef000000|  0%| F|  |TAMS 0x00000007ee800000| PB 0x00000007ee800000| Untracked |  0
|2014|0x00000007ef000000, 0x00000007ef000000, 0x00000007ef800000|  0%| F|  |TAMS 0x00000007ef000000| PB 0x00000007ef000000| Untracked |  0
|2015|0x00000007ef800000, 0x00000007ef800000, 0x00000007f0000000|  0%| F|  |TAMS 0x00000007ef800000| PB 0x00000007ef800000| Untracked |  0
|2016|0x00000007f0000000, 0x00000007f0000000, 0x00000007f0800000|  0%| F|  |TAMS 0x00000007f0000000| PB 0x00000007f0000000| Untracked |  0
|2017|0x00000007f0800000, 0x00000007f0800000, 0x00000007f1000000|  0%| F|  |TAMS 0x00000007f0800000| PB 0x00000007f0800000| Untracked |  0
|2018|0x00000007f1000000, 0x00000007f1000000, 0x00000007f1800000|  0%| F|  |TAMS 0x00000007f1000000| PB 0x00000007f1000000| Untracked |  0
|2019|0x00000007f1800000, 0x00000007f1800000, 0x00000007f2000000|  0%| F|  |TAMS 0x00000007f1800000| PB 0x00000007f1800000| Untracked |  0
|2020|0x00000007f2000000, 0x00000007f2683000, 0x00000007f2800000| 81%| S|CS|TAMS 0x00000007f2000000| PB 0x00000007f2000000| Complete |  0
|2021|0x00000007f2800000, 0x00000007f3000000, 0x00000007f3000000|100%| S|CS|TAMS 0x00000007f2800000| PB 0x00000007f2800000| Complete |  0
|2022|0x00000007f3000000, 0x00000007f3800000, 0x00000007f3800000|100%| S|CS|TAMS 0x00000007f3000000| PB 0x00000007f3000000| Complete |  0
|2023|0x00000007f3800000, 0x00000007f4000000, 0x00000007f4000000|100%| O|  |TAMS 0x00000007f4000000| PB 0x00000007f3800000| Untracked |  0
|2024|0x00000007f4000000, 0x00000007f4800000, 0x00000007f4800000|100%| O|  |TAMS 0x00000007f4800000| PB 0x00000007f4000000| Untracked |  0
|2025|0x00000007f4800000, 0x00000007f5000000, 0x00000007f5000000|100%| O|  |TAMS 0x00000007f5000000| PB 0x00000007f4800000| Untracked |  0
|2026|0x00000007f5000000, 0x00000007f5800000, 0x00000007f5800000|100%| O|  |TAMS 0x00000007f5800000| PB 0x00000007f5000000| Untracked |  0
|2027|0x00000007f5800000, 0x00000007f6000000, 0x00000007f6000000|100%| O|  |TAMS 0x00000007f6000000| PB 0x00000007f5800000| Untracked |  0
|2028|0x00000007f6000000, 0x00000007f6800000, 0x00000007f6800000|100%| O|  |TAMS 0x00000007f6800000| PB 0x00000007f6000000| Untracked |  0
|2029|0x00000007f6800000, 0x00000007f7000000, 0x00000007f7000000|100%| S|CS|TAMS 0x00000007f6800000| PB 0x00000007f6800000| Complete |  0
|2030|0x00000007f7000000, 0x00000007f7800000, 0x00000007f7800000|100%| O|  |TAMS 0x00000007f7800000| PB 0x00000007f7000000| Untracked |  0
|2031|0x00000007f7800000, 0x00000007f8000000, 0x00000007f8000000|100%| O|  |TAMS 0x00000007f8000000| PB 0x00000007f7800000| Untracked |  0
|2032|0x00000007f8000000, 0x00000007f8800000, 0x00000007f8800000|100%| O|  |TAMS 0x00000007f8800000| PB 0x00000007f8000000| Untracked |  0
|2033|0x00000007f8800000, 0x00000007f9000000, 0x00000007f9000000|100%| O|  |TAMS 0x00000007f9000000| PB 0x00000007f8800000| Untracked |  0
|2034|0x00000007f9000000, 0x00000007f9800000, 0x00000007f9800000|100%| O|  |TAMS 0x00000007f9800000| PB 0x00000007f9000000| Untracked |  0
|2035|0x00000007f9800000, 0x00000007fa000000, 0x00000007fa000000|100%| O|  |TAMS 0x00000007fa000000| PB 0x00000007f9800000| Untracked |  0
|2036|0x00000007fa000000, 0x00000007fa800000, 0x00000007fa800000|100%| O|  |TAMS 0x00000007fa800000| PB 0x00000007fa000000| Untracked |  0
|2037|0x00000007fa800000, 0x00000007fb000000, 0x00000007fb000000|100%| S|CS|TAMS 0x00000007fa800000| PB 0x00000007fa800000| Complete |  0
|2038|0x00000007fb000000, 0x00000007fb800000, 0x00000007fb800000|100%| O|  |TAMS 0x00000007fb800000| PB 0x00000007fb000000| Untracked |  0
|2039|0x00000007fb800000, 0x00000007fc000000, 0x00000007fc000000|100%| O|  |TAMS 0x00000007fc000000| PB 0x00000007fb800000| Untracked |  0
|2040|0x00000007fc000000, 0x00000007fc800000, 0x00000007fc800000|100%| O|  |TAMS 0x00000007fc800000| PB 0x00000007fc000000| Untracked |  0
|2041|0x00000007fc800000, 0x00000007fd000000, 0x00000007fd000000|100%| O|  |TAMS 0x00000007fd000000| PB 0x00000007fc800000| Untracked |  0
|2042|0x00000007fd000000, 0x00000007fd800000, 0x00000007fd800000|100%| O|  |TAMS 0x00000007fd800000| PB 0x00000007fd000000| Untracked |  0
|2043|0x00000007fd800000, 0x00000007fe000000, 0x00000007fe000000|100%| S|CS|TAMS 0x00000007fd800000| PB 0x00000007fd800000| Complete |  0
|2044|0x00000007fe000000, 0x00000007fe800000, 0x00000007fe800000|100%| O|  |TAMS 0x00000007fe800000| PB 0x00000007fe000000| Untracked |  0
|2045|0x00000007fe800000, 0x00000007ff000000, 0x00000007ff000000|100%| O|  |TAMS 0x00000007ff000000| PB 0x00000007fe800000| Untracked |  0
|2046|0x00000007ff000000, 0x00000007ff800000, 0x00000007ff800000|100%| O|  |TAMS 0x00000007ff800000| PB 0x00000007ff000000| Untracked |  0
|2047|0x00000007ff800000, 0x00000007ff800000, 0x0000000800000000|  0%| F|  |TAMS 0x00000007ff800000| PB 0x00000007ff800000| Untracked |  0

Card table byte_map: [0x000001f367130000,0x000001f369130000] _byte_map_base: 0x000001f365130000

Marking Bits: (CMBitMap*) 0x000001f364fb10b0
 Bits: [0x000001f369130000, 0x000001f379130000)

Polling page: 0x000001f34a940000

Metaspace:
Metaspace        used 283259K, committed 291200K, reserved 1310720K
 class space     used 35625K, committed 39040K, reserved 1048576K

Usage:
  Non-class:    241.83 MB used.
      Class:     34.79 MB used.
       Both:    276.62 MB used.

Virtual space:
  Non-class space:      256.00 MB reserved,     246.25 MB ( 96%) committed,  4 nodes.
      Class space:        1.00 GB reserved,      38.12 MB (  4%) committed,  1 nodes.
             Both:        1.25 GB reserved,     284.38 MB ( 22%) committed. 

Chunk freelists:
   Non-Class:  9.62 MB
       Class:  9.86 MB
        Both:  19.49 MB

MaxMetaspaceSize: unlimited
CompressedClassSpaceSize: 1.00 GB
Initial GC threshold: 21.00 MB
Current GC threshold: 474.00 MB
CDS: on
 - commit_granule_bytes: 65536.
 - commit_granule_words: 8192.
 - virtual_space_node_default_size: 8388608.
 - enlarge_chunks_in_place: 1.
UseCompressedClassPointers 1, UseCompactObjectHeaders 0
Narrow klass pointer bits 32, Max shift 3
Narrow klass base: 0x0000000095000000, Narrow klass shift: 0
Encoding Range: [0x0000000095000000 - 0x0000000195000000), (4294967296 bytes)
Klass Range:    [0x0000000095010000 - 0x00000000d6000000), (1090453504 bytes)
Klass ID Range:  [65536 - 1090519033) (1090453497)
Protection zone: [0x0000000095000000 - 0x0000000095010000), (65536 bytes)


Internal statistics:

num_allocs_failed_limit: 94.
num_arena_births: 3690.
num_arena_deaths: 54.
num_vsnodes_births: 5.
num_vsnodes_deaths: 0.
num_space_committed: 4541.
num_space_uncommitted: 0.
num_chunks_returned_to_freelist: 165.
num_chunks_taken_from_freelist: 20460.
num_chunk_merges: 111.
num_chunk_splits: 11564.
num_chunks_enlarged: 5038.
num_inconsistent_stats: 0.

CodeHeap 'non-profiled nmethods': size=120064Kb used=20265Kb max_used=24792Kb free=99798Kb
 bounds [0x000001f35d4a0000, 0x000001f35ece0000, 0x000001f3649e0000]
CodeHeap 'profiled nmethods': size=120000Kb used=11317Kb max_used=43097Kb free=108682Kb
 bounds [0x000001f3559e0000, 0x000001f358420000, 0x000001f35cf10000]
CodeHeap 'non-nmethods': size=5696Kb used=2561Kb max_used=2842Kb free=3134Kb
 bounds [0x000001f35cf10000, 0x000001f35d1e0000, 0x000001f35d4a0000]
CodeCache: size=245760Kb, used=34143Kb, max_used=70731Kb, free=211614Kb
 total_blobs=13388, nmethods=11705, adapters=1582, full_count=0
Compilation: enabled, stopped_count=0, restarted_count=0

Compilation events (20 events):
Event: 814.720 Thread 0x000001f3650fc4c0 70407       4       com.e1c.g5.v8.dt.distribution.model.impl.ParentConfigurationInfoItemImpl::eStaticClass (4 bytes)
Event: 814.721 Thread 0x000001f3650fc4c0 nmethod 70407 0x000001f35dd78288 code [0x000001f35dd78380, 0x000001f35dd78400]
Event: 814.721 Thread 0x000001f3650fc4c0 70379       4       java.util.Vector::<init> (7 bytes)
Event: 814.723 Thread 0x000001f3650fc4c0 nmethod 70379 0x000001f35e5c7788 code [0x000001f35e5c7880, 0x000001f35e5c7a98]
Event: 814.723 Thread 0x000001f3650fc4c0 70414       4       com.e1c.g5.v8.dt.distribution.model.impl.DistributionSupportFactoryImpl::create (108 bytes)
Event: 814.731 Thread 0x000001f3650fc4c0 nmethod 70414 0x000001f35d8b7f08 code [0x000001f35d8b8000, 0x000001f35d8b84c0]
Event: 814.731 Thread 0x000001f3650fc4c0 70417       4       com.e1c.g5.v8.dt.distribution.model.UserSupportMode::get (37 bytes)
Event: 814.747 Thread 0x000001f3650fc4c0 nmethod 70417 0x000001f35e13fa08 code [0x000001f35e13fb00, 0x000001f35e140000]
Event: 814.747 Thread 0x000001f3650fc4c0 70415       4       com.e1c.g5.v8.dt.distribution.model.impl.DistributionSupportFactoryImpl::createFromString (83 bytes)
Event: 814.748 Thread 0x000001f305367de0 nmethod 70380 0x000001f35e7c7108 code [0x000001f35e7c7200, 0x000001f35e7c93f0]
Event: 814.749 Thread 0x000001f305367de0 70416       4       com.e1c.g5.v8.dt.distribution.model.impl.DistributionSupportFactoryImpl::createUserSupportModeFromString (31 bytes)
Event: 814.757 Thread 0x000001f305367de0 nmethod 70416 0x000001f35e30fd88 code [0x000001f35e30fe80, 0x000001f35e310398]
Event: 814.757 Thread 0x000001f305367de0 70401       4       com.ctc.wstx.sr.BasicStreamReader2::getAttributeRightWS (28 bytes)
Event: 814.758 Thread 0x000001f3650fc4c0 nmethod 70415 0x000001f35e039688 code [0x000001f35e039780, 0x000001f35e039d50]
Event: 814.758 Thread 0x000001f3650fc4c0 70402       4       com.ctc.wstx.sr.BasicStreamReader2::getAttributeValueRightWS (28 bytes)
Event: 814.759 Thread 0x000001f305367de0 nmethod 70401 0x000001f35dd79e08 code [0x000001f35dd79f00, 0x000001f35dd7a070]
Event: 814.760 Thread 0x000001f3650fc4c0 nmethod 70402 0x000001f35dd7d908 code [0x000001f35dd7da00, 0x000001f35dd7db70]
Event: 815.306 Thread 0x000001f3074b1480 

Event: 815.306 Thread 0x000001f3074b1480 

Event: 815.310 Thread 0x000001f3074b1480 


GC Heap Usage History (20 events):
Event: 812.262 {heap After GC invocations=477 (full 0):
 garbage-first heap   total reserved 16777216K, committed 1933312K, used 1493983K [0x0000000400000000, 0x0000000800000000)
  region size 8192K, 6 young (49152K), 6 survivors (49152K)
}
Event: 812.674 {heap Before GC invocations=477 (full 0):
 garbage-first heap   total reserved 16777216K, committed 1933312K, used 1829855K [0x0000000400000000, 0x0000000800000000)
  region size 8192K, 45 young (368640K), 6 survivors (49152K)
}
Event: 812.717 {heap After GC invocations=478 (full 0):
 garbage-first heap   total reserved 16777216K, committed 1933312K, used 1507887K [0x0000000400000000, 0x0000000800000000)
  region size 8192K, 5 young (40960K), 5 survivors (40960K)
}
Event: 813.111 {heap Before GC invocations=478 (full 0):
 garbage-first heap   total reserved 16777216K, committed 1933312K, used 1810991K [0x0000000400000000, 0x0000000800000000)
  region size 8192K, 42 young (344064K), 5 survivors (40960K)
}
Event: 813.150 {heap After GC invocations=479 (full 0):
 garbage-first heap   total reserved 16777216K, committed 1933312K, used 1474484K [0x0000000400000000, 0x0000000800000000)
  region size 8192K, 5 young (40960K), 5 survivors (40960K)
}
Event: 813.399 {heap Before GC invocations=479 (full 0):
 garbage-first heap   total reserved 16777216K, committed 1933312K, used 1720244K [0x0000000400000000, 0x0000000800000000)
  region size 8192K, 37 young (303104K), 5 survivors (40960K)
}
Event: 813.440 {heap After GC invocations=480 (full 0):
 garbage-first heap   total reserved 16777216K, committed 1933312K, used 1494323K [0x0000000400000000, 0x0000000800000000)
  region size 8192K, 6 young (49152K), 6 survivors (49152K)
}
Event: 813.960 {heap Before GC invocations=480 (full 0):
 garbage-first heap   total reserved 16777216K, committed 1933312K, used 1895731K [0x0000000400000000, 0x0000000800000000)
  region size 8192K, 45 young (368640K), 6 survivors (49152K)
}
Event: 814.013 {heap After GC invocations=481 (full 0):
 garbage-first heap   total reserved 16777216K, committed 3964928K, used 1567351K [0x0000000400000000, 0x0000000800000000)
  region size 8192K, 4 young (32768K), 4 survivors (32768K)
}
Event: 814.792 {heap Before GC invocations=482 (full 0):
 garbage-first heap   total reserved 16777216K, committed 2162688K, used 2140791K [0x0000000400000000, 0x0000000800000000)
  region size 8192K, 72 young (589824K), 4 survivors (32768K)
}
Event: 814.822 {heap After GC invocations=483 (full 0):
 garbage-first heap   total reserved 16777216K, committed 2203648K, used 1543757K [0x0000000400000000, 0x0000000800000000)
  region size 8192K, 5 young (40960K), 5 survivors (40960K)
}
Event: 814.916 {heap Before GC invocations=483 (full 0):
 garbage-first heap   total reserved 16777216K, committed 2203648K, used 2068045K [0x0000000400000000, 0x0000000800000000)
  region size 8192K, 70 young (573440K), 5 survivors (40960K)
}
Event: 814.939 {heap After GC invocations=484 (full 0):
 garbage-first heap   total reserved 16777216K, committed 2203648K, used 1548690K [0x0000000400000000, 0x0000000800000000)
  region size 8192K, 5 young (40960K), 5 survivors (40960K)
}
Event: 815.254 {heap Before GC invocations=484 (full 0):
 garbage-first heap   total reserved 16777216K, committed 2760704K, used 2744722K [0x0000000400000000, 0x0000000800000000)
  region size 8192K, 33 young (270336K), 5 survivors (40960K)
}
Event: 815.291 {heap After GC invocations=485 (full 0):
 garbage-first heap   total reserved 16777216K, committed 2809856K, used 1560939K [0x0000000400000000, 0x0000000800000000)
  region size 8192K, 4 young (32768K), 4 survivors (32768K)
}
Event: 815.564 {heap Before GC invocations=485 (full 0):
 garbage-first heap   total reserved 16777216K, committed 2965504K, used 2953579K [0x0000000400000000, 0x0000000800000000)
  region size 8192K, 6 young (49152K), 4 survivors (32768K)
}
Event: 815.596 {heap After GC invocations=486 (full 0):
 garbage-first heap   total reserved 16777216K, committed 3006464K, used 1567168K [0x0000000400000000, 0x0000000800000000)
  region size 8192K, 5 young (40960K), 5 survivors (40960K)
}
Event: 816.104 {heap Before GC invocations=486 (full 0):
 garbage-first heap   total reserved 16777216K, committed 3358720K, used 3344832K [0x0000000400000000, 0x0000000800000000)
  region size 8192K, 8 young (65536K), 5 survivors (40960K)
}
Event: 816.207 {heap After GC invocations=487 (full 0):
 garbage-first heap   total reserved 16777216K, committed 3416064K, used 1514924K [0x0000000400000000, 0x0000000800000000)
  region size 8192K, 6 young (49152K), 6 survivors (49152K)
}
Event: 816.262 {heap Before GC invocations=487 (full 0):
 garbage-first heap   total reserved 16777216K, committed 3416064K, used 1899948K [0x0000000400000000, 0x0000000800000000)
  region size 8192K, 7 young (57344K), 6 survivors (49152K)
}

Metaspace Usage History (20 events):
Event: 812.262 {metaspace After GC invocations=477 (full 0):
 Metaspace       used 283215K, committed 291072K, reserved 1310720K
  class space    used 35609K, committed 38976K, reserved 1048576K
}
Event: 812.674 {metaspace Before GC invocations=477 (full 0):
 Metaspace       used 283215K, committed 291072K, reserved 1310720K
  class space    used 35609K, committed 38976K, reserved 1048576K
}
Event: 812.717 {metaspace After GC invocations=478 (full 0):
 Metaspace       used 283215K, committed 291072K, reserved 1310720K
  class space    used 35609K, committed 38976K, reserved 1048576K
}
Event: 813.111 {metaspace Before GC invocations=478 (full 0):
 Metaspace       used 283219K, committed 291072K, reserved 1310720K
  class space    used 35609K, committed 38976K, reserved 1048576K
}
Event: 813.150 {metaspace After GC invocations=479 (full 0):
 Metaspace       used 283219K, committed 291072K, reserved 1310720K
  class space    used 35609K, committed 38976K, reserved 1048576K
}
Event: 813.399 {metaspace Before GC invocations=479 (full 0):
 Metaspace       used 283234K, committed 291136K, reserved 1310720K
  class space    used 35616K, committed 38976K, reserved 1048576K
}
Event: 813.440 {metaspace After GC invocations=480 (full 0):
 Metaspace       used 283234K, committed 291136K, reserved 1310720K
  class space    used 35616K, committed 38976K, reserved 1048576K
}
Event: 813.960 {metaspace Before GC invocations=480 (full 0):
 Metaspace       used 283238K, committed 291136K, reserved 1310720K
  class space    used 35616K, committed 38976K, reserved 1048576K
}
Event: 814.013 {metaspace After GC invocations=481 (full 0):
 Metaspace       used 283238K, committed 291136K, reserved 1310720K
  class space    used 35616K, committed 38976K, reserved 1048576K
}
Event: 814.792 {metaspace Before GC invocations=482 (full 0):
 Metaspace       used 283259K, committed 291200K, reserved 1310720K
  class space    used 35625K, committed 39040K, reserved 1048576K
}
Event: 814.822 {metaspace After GC invocations=483 (full 0):
 Metaspace       used 283259K, committed 291200K, reserved 1310720K
  class space    used 35625K, committed 39040K, reserved 1048576K
}
Event: 814.916 {metaspace Before GC invocations=483 (full 0):
 Metaspace       used 283259K, committed 291200K, reserved 1310720K
  class space    used 35625K, committed 39040K, reserved 1048576K
}
Event: 814.939 {metaspace After GC invocations=484 (full 0):
 Metaspace       used 283259K, committed 291200K, reserved 1310720K
  class space    used 35625K, committed 39040K, reserved 1048576K
}
Event: 815.254 {metaspace Before GC invocations=484 (full 0):
 Metaspace       used 283259K, committed 291200K, reserved 1310720K
  class space    used 35625K, committed 39040K, reserved 1048576K
}
Event: 815.291 {metaspace After GC invocations=485 (full 0):
 Metaspace       used 283259K, committed 291200K, reserved 1310720K
  class space    used 35625K, committed 39040K, reserved 1048576K
}
Event: 815.564 {metaspace Before GC invocations=485 (full 0):
 Metaspace       used 283259K, committed 291200K, reserved 1310720K
  class space    used 35625K, committed 39040K, reserved 1048576K
}
Event: 815.596 {metaspace After GC invocations=486 (full 0):
 Metaspace       used 283259K, committed 291200K, reserved 1310720K
  class space    used 35625K, committed 39040K, reserved 1048576K
}
Event: 816.104 {metaspace Before GC invocations=486 (full 0):
 Metaspace       used 283259K, committed 291200K, reserved 1310720K
  class space    used 35625K, committed 39040K, reserved 1048576K
}
Event: 816.207 {metaspace After GC invocations=487 (full 0):
 Metaspace       used 283259K, committed 291200K, reserved 1310720K
  class space    used 35625K, committed 39040K, reserved 1048576K
}
Event: 816.262 {metaspace Before GC invocations=487 (full 0):
 Metaspace       used 283259K, committed 291200K, reserved 1310720K
  class space    used 35625K, committed 39040K, reserved 1048576K
}

Dll operation events (19 events):
Event: 0.011 Loaded shared library C:\Program Files\1C\1CE\components\axiom-jdk-full-25.0.2+12-x86_64\bin\java.dll
Event: 0.100 Loaded shared library C:\Program Files\1C\1CE\components\axiom-jdk-full-25.0.2+12-x86_64\bin\net.dll
Event: 0.101 Loaded shared library C:\Program Files\1C\1CE\components\axiom-jdk-full-25.0.2+12-x86_64\bin\nio.dll
Event: 0.105 Loaded shared library C:\Program Files\1C\1CE\components\axiom-jdk-full-25.0.2+12-x86_64\bin\zip.dll
Event: 0.210 Loaded shared library C:\Program Files\1C\1CE\components\axiom-jdk-full-25.0.2+12-x86_64\bin\jimage.dll
Event: 5.969 Loaded shared library C:\Program Files\1C\1CE\components\axiom-jdk-full-25.0.2+12-x86_64\bin\verify.dll
Event: 8.674 Loaded shared library C:\Users\DitriX\AppData\Local\Temp\12\jna-2047320626\jna10694701959689875269.dll
Event: 8.929 Loaded shared library C:\Program Files\1C\1CE\components\axiom-jdk-full-25.0.2+12-x86_64\bin\sunmscapi.dll
Event: 10.820 Loaded shared library C:\Program Files\1C\1CE\components\axiom-jdk-full-25.0.2+12-x86_64\bin\extnet.dll
Event: 12.052 Loaded shared library D:\Soft\1c-edt-2026.2.0+289-x86_64\configuration\org.eclipse.osgi\1044\0\.cp\swt-osversion-win32-4971r15.dll
Event: 12.092 Loaded shared library D:\Soft\1c-edt-2026.2.0+289-x86_64\configuration\org.eclipse.osgi\1044\0\.cp\swt-win32-4971r15.dll
Event: 12.247 Loaded shared library C:\Program Files\1C\1CE\components\axiom-jdk-full-25.0.2+12-x86_64\bin\management.dll
Event: 12.289 Loaded shared library C:\Program Files\1C\1CE\components\axiom-jdk-full-25.0.2+12-x86_64\bin\management_ext.dll
Event: 12.383 Loaded shared library D:\Soft\1c-edt-2026.2.0+289-x86_64\configuration\org.eclipse.osgi\1044\0\.cp\swt-gdip-win32-4971r15.dll
Event: 16.115 Loaded shared library C:\Program Files\1C\1CE\components\axiom-jdk-full-25.0.2+12-x86_64\bin\awt.dll
Event: 18.203 Loaded shared library C:\Program Files\1C\1CE\components\axiom-jdk-full-25.0.2+12-x86_64\bin\mlib_image.dll
Event: 22.119 Loaded shared library C:\Program Files\1C\1CE\components\axiom-jdk-full-25.0.2+12-x86_64\bin\attach.dll
Event: 27.524 Loaded shared library C:\Program Files\1C\1CE\components\axiom-jdk-full-25.0.2+12-x86_64\bin\freetype.dll
Event: 27.559 Loaded shared library C:\Program Files\1C\1CE\components\axiom-jdk-full-25.0.2+12-x86_64\bin\fontmanager.dll

Deoptimization events (20 events):
Event: 814.479 Thread 0x000001f311d725d0 DEOPT PACKING pc=0x000001f355fb64ca sp=0x0000000c2fafe020
Event: 814.479 Thread 0x000001f311d725d0 DEOPT UNPACKING pc=0x000001f35cf61702 sp=0x0000000c2fafd4f0 mode 0
Event: 814.484 Thread 0x000001f311d725d0 DEOPT PACKING pc=0x000001f355fb64ca sp=0x0000000c2fafe020
Event: 814.484 Thread 0x000001f311d725d0 DEOPT UNPACKING pc=0x000001f35cf61702 sp=0x0000000c2fafd4f0 mode 0
Event: 814.491 Thread 0x000001f311d725d0 DEOPT PACKING pc=0x000001f355fb64ca sp=0x0000000c2fafe020
Event: 814.491 Thread 0x000001f311d725d0 DEOPT UNPACKING pc=0x000001f35cf61702 sp=0x0000000c2fafd4f0 mode 0
Event: 814.502 Thread 0x000001f311d725d0 DEOPT PACKING pc=0x000001f355fb64ca sp=0x0000000c2fafe020
Event: 814.502 Thread 0x000001f311d725d0 DEOPT UNPACKING pc=0x000001f35cf61702 sp=0x0000000c2fafd4f0 mode 0
Event: 814.512 Thread 0x000001f311d725d0 DEOPT PACKING pc=0x000001f355fb64ca sp=0x0000000c2fafe020
Event: 814.512 Thread 0x000001f311d725d0 DEOPT UNPACKING pc=0x000001f35cf61702 sp=0x0000000c2fafd4f0 mode 0
Event: 814.513 Thread 0x000001f311d725d0 Uncommon trap: trap_request=0xffffffde fr.pc=0x000001f35daa9dd4 relative=0x0000000000001b54
Event: 814.513 Thread 0x000001f311d725d0 Uncommon trap: reason=class_check action=maybe_recompile pc=0x000001f35daa9dd4 method=com._1c.g5.modeling.xml.parser.AbstractStaxXmlParser.setAttribValue(Lorg/eclipse/emf/ecore/EObject;Ljava/lang/String;Ljava/lang/String;I)V @ 85 c2
Event: 814.513 Thread 0x000001f311d725d0 DEOPT PACKING pc=0x000001f35daa9dd4 sp=0x0000000c2fafde20
Event: 814.513 Thread 0x000001f311d725d0 DEOPT UNPACKING pc=0x000001f35d02ec82 sp=0x0000000c2fafdde8 mode 2
Event: 814.513 Thread 0x000001f311d725d0 Uncommon trap: trap_request=0xffffffde fr.pc=0x000001f35daa9dd4 relative=0x0000000000001b54
Event: 814.513 Thread 0x000001f311d725d0 Uncommon trap: reason=class_check action=maybe_recompile pc=0x000001f35daa9dd4 method=com._1c.g5.modeling.xml.parser.AbstractStaxXmlParser.setAttribValue(Lorg/eclipse/emf/ecore/EObject;Ljava/lang/String;Ljava/lang/String;I)V @ 85 c2
Event: 814.513 Thread 0x000001f311d725d0 DEOPT PACKING pc=0x000001f35daa9dd4 sp=0x0000000c2fafde20
Event: 814.513 Thread 0x000001f311d725d0 DEOPT UNPACKING pc=0x000001f35d02ec82 sp=0x0000000c2fafdde8 mode 2
Event: 814.522 Thread 0x000001f311d725d0 DEOPT PACKING pc=0x000001f355fb64ca sp=0x0000000c2fafe020
Event: 814.522 Thread 0x000001f311d725d0 DEOPT UNPACKING pc=0x000001f35cf61702 sp=0x0000000c2fafd4f0 mode 0

Classes loaded (20 events):
Event: 763.141 Loading class com/sun/xml/internal/stream/writers/XMLStreamWriterImpl$ElementStack
Event: 763.142 Loading class com/sun/xml/internal/stream/writers/XMLStreamWriterImpl$ElementStack done
Event: 763.142 Loading class com/sun/xml/internal/stream/writers/XMLStreamWriterImpl$ElementState
Event: 763.142 Loading class com/sun/xml/internal/stream/writers/XMLStreamWriterImpl$ElementState done
Event: 763.148 Loading class com/sun/xml/internal/stream/writers/XMLStreamWriterImpl$NamespaceContextImpl
Event: 763.148 Loading class com/sun/xml/internal/stream/writers/XMLStreamWriterImpl$NamespaceContextImpl done
Event: 795.942 Loading class java/text/CalendarBuilder
Event: 795.942 Loading class java/text/CalendarBuilder done
Event: 795.942 Loading class java/text/DecimalFormat$NumericPosition
Event: 795.943 Loading class java/text/DecimalFormat$NumericPosition done
Event: 795.943 Loading class sun/util/calendar/JulianCalendar$Date
Event: 795.944 Loading class sun/util/calendar/JulianCalendar$Date done
Event: 797.063 Loading class com/sun/org/apache/xerces/internal/dom/DeferredElementNSImpl
Event: 797.064 Loading class com/sun/org/apache/xerces/internal/dom/ElementNSImpl
Event: 797.064 Loading class com/sun/org/apache/xerces/internal/dom/ElementNSImpl done
Event: 797.064 Loading class com/sun/org/apache/xerces/internal/dom/DeferredElementNSImpl done
Event: 797.065 Loading class com/sun/org/apache/xerces/internal/dom/DeferredAttrNSImpl
Event: 797.065 Loading class com/sun/org/apache/xerces/internal/dom/AttrNSImpl
Event: 797.065 Loading class com/sun/org/apache/xerces/internal/dom/AttrNSImpl done
Event: 797.065 Loading class com/sun/org/apache/xerces/internal/dom/DeferredAttrNSImpl done

Classes unloaded (20 events):
Event: 14.035 Thread 0x000001f3650d4180 Unloading class 0x0000000096d5cc00 'java/lang/invoke/LambdaForm$DMH+0x0000000096d5cc00'
Event: 14.035 Thread 0x000001f3650d4180 Unloading class 0x0000000096d5c400 'java/lang/invoke/LambdaForm$DMH+0x0000000096d5c400'
Event: 14.035 Thread 0x000001f3650d4180 Unloading class 0x0000000096d5c800 'java/lang/invoke/LambdaForm$DMH+0x0000000096d5c800'
Event: 30.884 Thread 0x000001f3650d4180 Unloading class 0x00000000977ca000 'com/_1c/g5/v8/dt/stacktraces/model/IStacktraceRepository$pbryglu'
Event: 36.467 Thread 0x000001f3650d4180 Unloading class 0x0000000097ae0800 'java/lang/invoke/LambdaForm$DMH+0x0000000097ae0800'
Event: 36.467 Thread 0x000001f3650d4180 Unloading class 0x0000000097ae0400 'java/lang/invoke/LambdaForm$DMH+0x0000000097ae0400'
Event: 36.467 Thread 0x000001f3650d4180 Unloading class 0x0000000097ae0000 'java/lang/invoke/LambdaForm$DMH+0x0000000097ae0000'
Event: 36.467 Thread 0x000001f3650d4180 Unloading class 0x0000000097ada800 'java/lang/invoke/LambdaForm$DMH+0x0000000097ada800'
Event: 36.467 Thread 0x000001f3650d4180 Unloading class 0x0000000097ad9c00 'java/lang/invoke/LambdaForm$MH+0x0000000097ad9c00'
Event: 36.467 Thread 0x000001f3650d4180 Unloading class 0x0000000097ad9800 'java/lang/invoke/LambdaForm$MH+0x0000000097ad9800'
Event: 36.467 Thread 0x000001f3650d4180 Unloading class 0x0000000097ad9000 'java/lang/invoke/LambdaForm$DMH+0x0000000097ad9000'
Event: 36.467 Thread 0x000001f3650d4180 Unloading class 0x0000000097ad8400 'java/lang/invoke/LambdaForm$MH+0x0000000097ad8400'
Event: 36.467 Thread 0x000001f3650d4180 Unloading class 0x0000000097ad8800 'java/lang/invoke/LambdaForm$MH+0x0000000097ad8800'
Event: 36.467 Thread 0x000001f3650d4180 Unloading class 0x0000000097ad5800 'java/lang/invoke/LambdaForm$MH+0x0000000097ad5800'
Event: 36.467 Thread 0x000001f3650d4180 Unloading class 0x0000000097ad5400 'java/lang/invoke/LambdaForm$MH+0x0000000097ad5400'
Event: 36.467 Thread 0x000001f3650d4180 Unloading class 0x0000000097ad5000 'java/lang/invoke/LambdaForm$MH+0x0000000097ad5000'
Event: 36.467 Thread 0x000001f3650d4180 Unloading class 0x0000000097ad4c00 'java/lang/invoke/LambdaForm$MH+0x0000000097ad4c00'
Event: 36.467 Thread 0x000001f3650d4180 Unloading class 0x0000000097ad4800 'java/lang/invoke/LambdaForm$MH+0x0000000097ad4800'
Event: 44.638 Thread 0x000001f3650d4180 Unloading class 0x0000000098050800 'java/lang/invoke/LambdaForm$DMH+0x0000000098050800'
Event: 44.638 Thread 0x000001f3650d4180 Unloading class 0x0000000098050000 'java/lang/invoke/LambdaForm$DMH+0x0000000098050000'

Classes redefined (0 events):
No events

Internal exceptions (20 events):
Event: 813.606 Thread 0x000001f311d70690 Exception <a 'sun/nio/fs/WindowsException'{0x00000007ee250ac0}> (0x00000007ee250ac0) 
thrown [s\src\hotspot\share\prims\jni.cpp, line 516]
Event: 813.637 Thread 0x000001f311d6ef20 Exception <a 'sun/nio/fs/WindowsException'{0x00000007eddbdcd8}> (0x00000007eddbdcd8) 
thrown [s\src\hotspot\share\prims\jni.cpp, line 516]
Event: 813.639 Thread 0x000001f311d6fec0 Exception <a 'sun/nio/fs/WindowsException'{0x00000007edbea560}> (0x00000007edbea560) 
thrown [s\src\hotspot\share\prims\jni.cpp, line 516]
Event: 813.651 Thread 0x000001f311d6d7b0 Exception <a 'sun/nio/fs/WindowsException'{0x00000007ed19dfa8}> (0x00000007ed19dfa8) 
thrown [s\src\hotspot\share\prims\jni.cpp, line 516]
Event: 813.668 Thread 0x000001f311d6fec0 Exception <a 'sun/nio/fs/WindowsException'{0x00000007ed7ee698}> (0x00000007ed7ee698) 
thrown [s\src\hotspot\share\prims\jni.cpp, line 516]
Event: 813.686 Thread 0x000001f311d6fec0 Exception <a 'sun/nio/fs/WindowsException'{0x00000007e92abd08}> (0x00000007e92abd08) 
thrown [s\src\hotspot\share\prims\jni.cpp, line 516]
Event: 813.701 Thread 0x000001f311d6d7b0 Exception <a 'sun/nio/fs/WindowsException'{0x00000007e96e1e60}> (0x00000007e96e1e60) 
thrown [s\src\hotspot\share\prims\jni.cpp, line 516]
Event: 813.733 Thread 0x000001f311d6c040 Exception <a 'sun/nio/fs/WindowsException'{0x00000007f29d8208}> (0x00000007f29d8208) 
thrown [s\src\hotspot\share\prims\jni.cpp, line 516]
Event: 813.738 Thread 0x000001f311d71e00 Exception <a 'sun/nio/fs/WindowsException'{0x00000007ee0b4f58}> (0x00000007ee0b4f58) 
thrown [s\src\hotspot\share\prims\jni.cpp, line 516]
Event: 813.788 Thread 0x000001f311d6d7b0 Exception <a 'sun/nio/fs/WindowsException'{0x00000004547a7190}> (0x00000004547a7190) 
thrown [s\src\hotspot\share\prims\jni.cpp, line 516]
Event: 813.819 Thread 0x000001f311d6d7b0 Exception <a 'sun/nio/fs/WindowsException'{0x0000000450182400}> (0x0000000450182400) 
thrown [s\src\hotspot\share\prims\jni.cpp, line 516]
Event: 813.824 Thread 0x000001f311d70690 Exception <a 'sun/nio/fs/WindowsException'{0x000000045046a388}> (0x000000045046a388) 
thrown [s\src\hotspot\share\prims\jni.cpp, line 516]
Event: 813.843 Thread 0x000001f311d71e00 Exception <a 'sun/nio/fs/WindowsException'{0x000000044ff590e0}> (0x000000044ff590e0) 
thrown [s\src\hotspot\share\prims\jni.cpp, line 516]
Event: 813.863 Thread 0x000001f311d70690 Exception <a 'sun/nio/fs/WindowsException'{0x000000044eb97b88}> (0x000000044eb97b88) 
thrown [s\src\hotspot\share\prims\jni.cpp, line 516]
Event: 813.887 Thread 0x000001f311d725d0 Exception <a 'sun/nio/fs/WindowsException'{0x0000000449e8cf90}> (0x0000000449e8cf90) 
thrown [s\src\hotspot\share\prims\jni.cpp, line 516]
Event: 813.896 Thread 0x000001f311d6d7b0 Exception <a 'sun/nio/fs/WindowsException'{0x00000004493963c8}> (0x00000004493963c8) 
thrown [s\src\hotspot\share\prims\jni.cpp, line 516]
Event: 813.910 Thread 0x000001f311d71e00 Exception <a 'sun/nio/fs/WindowsException'{0x0000000443803f70}> (0x0000000443803f70) 
thrown [s\src\hotspot\share\prims\jni.cpp, line 516]
Event: 813.937 Thread 0x000001f311d71e00 Exception <a 'sun/nio/fs/WindowsException'{0x0000000443ee95f0}> (0x0000000443ee95f0) 
thrown [s\src\hotspot\share\prims\jni.cpp, line 516]
Event: 813.938 Thread 0x000001f311d725d0 Exception <a 'sun/nio/fs/WindowsException'{0x0000000443513370}> (0x0000000443513370) 
thrown [s\src\hotspot\share\prims\jni.cpp, line 516]
Event: 814.160 Thread 0x000001f311d73570 Exception <a 'sun/nio/fs/WindowsException'{0x00000007f2c6e530}> (0x00000007f2c6e530) 
thrown [s\src\hotspot\share\prims\jni.cpp, line 516]

VM Operations (20 events):
Event: 813.150 Executing safepoint VM operation: G1CollectForAllocation (G1 Evacuation Pause) done
Event: 813.399 Executing safepoint VM operation: G1TryInitiateConcMark (G1 Humongous Allocation)
Event: 813.440 Executing safepoint VM operation: G1TryInitiateConcMark (G1 Humongous Allocation) done
Event: 813.956 Executing safepoint VM operation: G1CollectForAllocation (G1 Evacuation Pause)
Event: 814.013 Executing safepoint VM operation: G1CollectForAllocation (G1 Evacuation Pause) done
Event: 814.773 Executing safepoint VM operation: G1PauseRemark
Event: 814.791 Executing safepoint VM operation: G1PauseRemark done
Event: 814.792 Executing safepoint VM operation: G1CollectForAllocation (G1 Evacuation Pause)
Event: 814.822 Executing safepoint VM operation: G1CollectForAllocation (G1 Evacuation Pause) done
Event: 814.915 Executing safepoint VM operation: G1CollectForAllocation (G1 Evacuation Pause)
Event: 814.939 Executing safepoint VM operation: G1CollectForAllocation (G1 Evacuation Pause) done
Event: 815.254 Executing safepoint VM operation: G1CollectForAllocation (G1 Evacuation Pause)
Event: 815.292 Executing safepoint VM operation: G1CollectForAllocation (G1 Evacuation Pause) done
Event: 815.336 Executing safepoint VM operation: G1PauseCleanup
Event: 815.337 Executing safepoint VM operation: G1PauseCleanup done
Event: 815.564 Executing safepoint VM operation: G1CollectForAllocation (G1 Evacuation Pause)
Event: 815.596 Executing safepoint VM operation: G1CollectForAllocation (G1 Evacuation Pause) done
Event: 816.100 Executing safepoint VM operation: G1CollectForAllocation (G1 Evacuation Pause)
Event: 816.207 Executing safepoint VM operation: G1CollectForAllocation (G1 Evacuation Pause) done
Event: 816.262 Executing safepoint VM operation: G1TryInitiateConcMark (G1 Humongous Allocation)

Memory protections (0 events):
No events

Nmethod flushes (20 events):
Event: 814.787 Thread 0x000001f3650d4180 flushing  nmethod 0x000001f356697d88
Event: 814.787 Thread 0x000001f3650d4180 flushing  nmethod 0x000001f357d1fd08
Event: 814.787 Thread 0x000001f3650d4180 flushing  nmethod 0x000001f35d51cd88
Event: 814.787 Thread 0x000001f3650d4180 flushing  nmethod 0x000001f35d9e8d88
Event: 814.787 Thread 0x000001f3650d4180 flushing  nmethod 0x000001f35e5c7b88
Event: 814.787 Thread 0x000001f3650d4180 flushing  nmethod 0x000001f35e972388
Event: 814.787 Thread 0x000001f3650d4180 flushing  nmethod 0x000001f355bbbb08
Event: 814.787 Thread 0x000001f3650d4180 flushing  nmethod 0x000001f355ce2a08
Event: 814.787 Thread 0x000001f3650d4180 flushing  nmethod 0x000001f355ce3308
Event: 814.787 Thread 0x000001f3650d4180 flushing  nmethod 0x000001f355d21608
Event: 814.787 Thread 0x000001f3650d4180 flushing  nmethod 0x000001f355d23808
Event: 814.787 Thread 0x000001f3650d4180 flushing  nmethod 0x000001f355e77a88
Event: 814.787 Thread 0x000001f3650d4180 flushing  nmethod 0x000001f355e9fa88
Event: 814.787 Thread 0x000001f3650d4180 flushing  nmethod 0x000001f355ea6308
Event: 814.787 Thread 0x000001f3650d4180 flushing  nmethod 0x000001f35608df08
Event: 814.787 Thread 0x000001f3650d4180 flushing  nmethod 0x000001f356181308
Event: 814.787 Thread 0x000001f3650d4180 flushing  nmethod 0x000001f3565dab88
Event: 814.787 Thread 0x000001f3650d4180 flushing  nmethod 0x000001f355e63688
Event: 814.787 Thread 0x000001f3650d4180 flushing  nmethod 0x000001f356bb7108
Event: 814.787 Thread 0x000001f3650d4180 flushing  nmethod 0x000001f357bfe808

Events (20 events):
Event: 786.087 Thread 0x000001f365110560 Thread added: 0x000001f31123a220
Event: 786.321 Thread 0x000001f31123a220 Thread exited: 0x000001f31123a220
Event: 786.321 Thread 0x000001f311239a10 Thread exited: 0x000001f311239a10
Event: 786.602 Thread 0x000001f3650fc4c0 Thread added: 0x000001f30a88a7e0
Event: 787.148 Thread 0x000001f30a88a7e0 Thread exited: 0x000001f30a88a7e0
Event: 788.342 Thread 0x000001f3650fc4c0 Thread added: 0x000001f31123ca70
Event: 788.863 Thread 0x000001f31123ca70 Thread exited: 0x000001f31123ca70
Event: 789.698 Thread 0x000001f3650fc4c0 Thread added: 0x000001f30a88a7e0
Event: 789.698 Thread 0x000001f3650fc4c0 Thread added: 0x000001f30a88aff0
Event: 790.117 Thread 0x000001f30a88aff0 Thread exited: 0x000001f30a88aff0
Event: 791.037 Thread 0x000001f30a88a7e0 Thread exited: 0x000001f30a88a7e0
Event: 793.171 Thread 0x000001f3650fc4c0 Thread added: 0x000001f305369e20
Event: 794.222 Thread 0x000001f305369e20 Thread exited: 0x000001f305369e20
Event: 795.400 Thread 0x000001f3650fc4c0 Thread added: 0x000001f305369e20
Event: 795.891 Thread 0x000001f305369e20 Thread exited: 0x000001f305369e20
Event: 795.934 Thread 0x000001f365110560 Thread added: 0x000001f3074b1480
Event: 795.941 Thread 0x000001f365110560 Thread added: 0x000001f31123ca70
Event: 801.592 Thread 0x000001f3088561f0 Thread exited: 0x000001f3088561f0
Event: 810.347 Thread 0x000001f31123ca70 Thread exited: 0x000001f31123ca70
Event: 810.885 Thread 0x000001f3650fc4c0 Thread added: 0x000001f305367de0


Dynamic libraries:
0x00007ff6def00000 - 0x00007ff6def84000 	D:\Soft\1c-edt-2026.2.0+289-x86_64\1cedt.exe
0x00007ff8d43c0000 - 0x00007ff8d4624000 	C:\Windows\SYSTEM32\ntdll.dll
0x00007ff8d2f90000 - 0x00007ff8d3059000 	C:\Windows\System32\KERNEL32.DLL
0x00007ff8d1780000 - 0x00007ff8d1b6d000 	C:\Windows\System32\KERNELBASE.dll
0x00007ff8cefe0000 - 0x00007ff8cf07e000 	C:\Windows\SYSTEM32\apphelp.dll
0x00007ff8d4040000 - 0x00007ff8d4205000 	C:\Windows\System32\USER32.dll
0x00007ff8d2120000 - 0x00007ff8d2147000 	C:\Windows\System32\win32u.dll
0x00007ff8d2e70000 - 0x00007ff8d2e9b000 	C:\Windows\System32\GDI32.dll
0x00007ff8d1f30000 - 0x00007ff8d2059000 	C:\Windows\System32\gdi32full.dll
0x00007ff8d14f0000 - 0x00007ff8d1593000 	C:\Windows\System32\msvcp_win.dll
0x00007ff8d15a0000 - 0x00007ff8d16eb000 	C:\Windows\System32\ucrtbase.dll
0x00007ff8b8c20000 - 0x00007ff8b8eb3000 	C:\Windows\WinSxS\amd64_microsoft.windows.common-controls_6595b64144ccf1df_6.0.26100.33158_none_ee33b523daf2c7c7\COMCTL32.dll
0x00007ff8d4210000 - 0x00007ff8d42b9000 	C:\Windows\System32\msvcrt.dll
0x00007ff8d2160000 - 0x00007ff8d2191000 	C:\Windows\System32\IMM32.DLL
0x00007ff8c0030000 - 0x00007ff8c0074000 	D:\Soft\1c-edt-2026.2.0+289-x86_64\plugins\org.eclipse.equinox.launcher.win32.win32.x86_64_1.2.1400.v20250801-0854\eclipse_11916.dll
0x00007ff8d42c0000 - 0x00007ff8d4374000 	C:\Windows\System32\ADVAPI32.dll
0x00007ff8d30c0000 - 0x00007ff8d3166000 	C:\Windows\System32\sechost.dll
0x00007ff8d36a0000 - 0x00007ff8d37b8000 	C:\Windows\System32\RPCRT4.dll
0x00007ff8d23d0000 - 0x00007ff8d2567000 	C:\Windows\System32\ole32.dll
0x00007ff8d3170000 - 0x00007ff8d34f6000 	C:\Windows\System32\combase.dll
0x00007ff8cf0c0000 - 0x00007ff8cf16b000 	C:\Windows\system32\uxtheme.dll
0x00007ff8d2580000 - 0x00007ff8d26df000 	C:\Windows\System32\MSCTF.dll
0x00007ff8cf7f0000 - 0x00007ff8cf80b000 	C:\Windows\SYSTEM32\kernel.appcore.dll
0x00007ff8d1cf0000 - 0x00007ff8d1d9c000 	C:\Windows\System32\bcryptPrimitives.dll
0x00007ff8d2210000 - 0x00007ff8d22c0000 	C:\Windows\System32\clbcatq.dll
0x00007ff8d26f0000 - 0x00007ff8d27c7000 	C:\Windows\System32\OLEAUT32.dll
0x00007ff8c4cb0000 - 0x00007ff8c4df8000 	C:\Windows\SYSTEM32\textinputframework.dll
0x00007ff85af10000 - 0x00007ff85be51000 	C:\Program Files\1C\1CE\components\axiom-jdk-full-25.0.2+12-x86_64\bin\server\jvm.dll
0x00007ff8d2ea0000 - 0x00007ff8d2f14000 	C:\Windows\System32\WS2_32.dll
0x00007ff8d1340000 - 0x00007ff8d139e000 	C:\Windows\SYSTEM32\POWRPROF.dll
0x00007ff8a0d70000 - 0x00007ff8a0da5000 	C:\Windows\SYSTEM32\WINMM.dll
0x00007ff8ca510000 - 0x00007ff8ca51b000 	C:\Windows\SYSTEM32\VERSION.dll
0x00007ff8c3500000 - 0x00007ff8c352c000 	C:\Windows\SYSTEM32\VCRUNTIME140.dll
0x00007ff8ca4e0000 - 0x00007ff8ca4ec000 	C:\Windows\SYSTEM32\VCRUNTIME140_1.dll
0x00007ff8d1320000 - 0x00007ff8d1334000 	C:\Windows\SYSTEM32\UMPDC.dll
0x00007ff8c1220000 - 0x00007ff8c122a000 	C:\Program Files\1C\1CE\components\axiom-jdk-full-25.0.2+12-x86_64\bin\jimage.dll
0x00007ff8bc780000 - 0x00007ff8bc9c2000 	C:\Windows\SYSTEM32\DBGHELP.DLL
0x00007ff8c3790000 - 0x00007ff8c37cc000 	C:\Windows\SYSTEM32\dbgcore.DLL
0x00007ff8bc300000 - 0x00007ff8bc31e000 	C:\Program Files\1C\1CE\components\axiom-jdk-full-25.0.2+12-x86_64\bin\java.dll
0x00007ff8d38e0000 - 0x00007ff8d4032000 	C:\Windows\System32\SHELL32.dll
0x00007ff8d1b80000 - 0x00007ff8d1cea000 	C:\Windows\System32\wintypes.dll
0x00007ff8c8270000 - 0x00007ff8c8ad0000 	C:\Windows\SYSTEM32\windows.storage.dll
0x00007ff8d22d0000 - 0x00007ff8d23c4000 	C:\Windows\System32\SHCORE.dll
0x00007ff8d21a0000 - 0x00007ff8d2206000 	C:\Windows\System32\shlwapi.dll
0x00007ff8d1400000 - 0x00007ff8d1429000 	C:\Windows\SYSTEM32\profapi.dll
0x00007ff8c0640000 - 0x00007ff8c0650000 	C:\Program Files\1C\1CE\components\axiom-jdk-full-25.0.2+12-x86_64\bin\net.dll
0x00007ff8d0750000 - 0x00007ff8d07bb000 	C:\Windows\system32\mswsock.dll
0x00007ff8a0960000 - 0x00007ff8a0976000 	C:\Program Files\1C\1CE\components\axiom-jdk-full-25.0.2+12-x86_64\bin\nio.dll
0x00007ff8a0720000 - 0x00007ff8a0737000 	C:\Program Files\1C\1CE\components\axiom-jdk-full-25.0.2+12-x86_64\bin\zip.dll
0x00007ff8c3780000 - 0x00007ff8c3790000 	C:\Program Files\1C\1CE\components\axiom-jdk-full-25.0.2+12-x86_64\bin\verify.dll
0x00007ff8d0b60000 - 0x00007ff8d0b7b000 	C:\Windows\SYSTEM32\CRYPTSP.dll
0x00007ff8d0260000 - 0x00007ff8d029a000 	C:\Windows\system32\rsaenh.dll
0x00007ff8d0800000 - 0x00007ff8d082b000 	C:\Windows\SYSTEM32\USERENV.dll
0x00007ff8d13d0000 - 0x00007ff8d13fa000 	C:\Windows\SYSTEM32\bcrypt.dll
0x00007ff8d09a0000 - 0x00007ff8d09ac000 	C:\Windows\SYSTEM32\CRYPTBASE.dll
0x00007ff8cfd50000 - 0x00007ff8cfd84000 	C:\Windows\SYSTEM32\IPHLPAPI.DLL
0x00007ff8d3510000 - 0x00007ff8d351a000 	C:\Windows\System32\NSI.dll
0x00007ff8bdb60000 - 0x00007ff8bdba9000 	C:\Users\DitriX\AppData\Local\Temp\12\jna-2047320626\jna10694701959689875269.dll
0x00007ff8d3500000 - 0x00007ff8d3508000 	C:\Windows\System32\PSAPI.DLL
0x00007ff8c3770000 - 0x00007ff8c377e000 	C:\Program Files\1C\1CE\components\axiom-jdk-full-25.0.2+12-x86_64\bin\sunmscapi.dll
0x00007ff8d1db0000 - 0x00007ff8d1f27000 	C:\Windows\System32\CRYPT32.dll
0x00007ff8d0cd0000 - 0x00007ff8d0d00000 	C:\Windows\SYSTEM32\ncrypt.dll
0x00007ff8d0c80000 - 0x00007ff8d0cbf000 	C:\Windows\SYSTEM32\NTASN1.dll
0x00007ff8c9220000 - 0x00007ff8c9346000 	C:\Windows\SYSTEM32\winhttp.dll
0x00007ff8c95e0000 - 0x00007ff8c95fe000 	C:\Windows\SYSTEM32\dhcpcsvc6.DLL
0x00007ff8c95b0000 - 0x00007ff8c95d4000 	C:\Windows\SYSTEM32\dhcpcsvc.DLL
0x00007ff8c3590000 - 0x00007ff8c3599000 	C:\Program Files\1C\1CE\components\axiom-jdk-full-25.0.2+12-x86_64\bin\extnet.dll
0x00007ff8be110000 - 0x00007ff8be128000 	C:\Windows\system32\napinsp.dll
0x00007ff8cfde0000 - 0x00007ff8cff0c000 	C:\Windows\SYSTEM32\DNSAPI.dll
0x00007ff8be0e0000 - 0x00007ff8be102000 	C:\Windows\system32\nlansp_c.dll
0x00007ff8be0c0000 - 0x00007ff8be0d6000 	C:\Windows\system32\wshbth.dll
0x00007ff8be0a0000 - 0x00007ff8be0b2000 	C:\Windows\System32\winrnr.dll
0x00007ff8c9990000 - 0x00007ff8c999b000 	C:\Windows\System32\rasadhlp.dll
0x00007ff8c7b40000 - 0x00007ff8c7bc6000 	C:\Windows\System32\fwpuclnt.dll
0x00007ff8c0150000 - 0x00007ff8c0171000 	D:\Soft\1c-edt-2026.2.0+289-x86_64\configuration\org.eclipse.osgi\1044\0\.cp\swt-osversion-win32-4971r15.dll
0x00007ff8bb840000 - 0x00007ff8bb90a000 	D:\Soft\1c-edt-2026.2.0+289-x86_64\configuration\org.eclipse.osgi\1044\0\.cp\swt-win32-4971r15.dll
0x00007ff8d35a0000 - 0x00007ff8d368f000 	C:\Windows\System32\COMDLG32.dll
0x00007ff8b9ae0000 - 0x00007ff8b9b90000 	C:\Windows\SYSTEM32\WINSPOOL.DRV
0x00007ff8b4280000 - 0x00007ff8b42f9000 	C:\Windows\SYSTEM32\OLEACC.dll
0x00007ff89de90000 - 0x00007ff89dea9000 	C:\Windows\SYSTEM32\USP10.dll
0x00007ff8c2850000 - 0x00007ff8c2ad8000 	C:\Windows\SYSTEM32\WININET.dll
0x00007ff8c8f10000 - 0x00007ff8c90f0000 	C:\Windows\SYSTEM32\urlmon.dll
0x00007ff8c9860000 - 0x00007ff8c9963000 	C:\Windows\SYSTEM32\PROPSYS.dll
0x00007ff8c0cc0000 - 0x00007ff8c0cc8000 	C:\Windows\SYSTEM32\MSIMG32.dll
0x00007ff8cf450000 - 0x00007ff8cf480000 	C:\Windows\SYSTEM32\dwmapi.dll
0x00007ff8d1050000 - 0x00007ff8d10a7000 	C:\Windows\SYSTEM32\cfgmgr32.dll
0x00007ff8c8be0000 - 0x00007ff8c8ea4000 	C:\Windows\SYSTEM32\iertutil.dll
0x00007ff8cfd30000 - 0x00007ff8cfd3d000 	C:\Windows\SYSTEM32\netutils.dll
0x00007ff8c8240000 - 0x00007ff8c8269000 	C:\Windows\SYSTEM32\srvcli.dll
0x00007ff8bfc60000 - 0x00007ff8bfc68000 	C:\Windows\system32\wshunix.dll
0x00007ff8c3580000 - 0x00007ff8c358a000 	C:\Program Files\1C\1CE\components\axiom-jdk-full-25.0.2+12-x86_64\bin\management.dll
0x00007ff8c34d0000 - 0x00007ff8c34db000 	C:\Program Files\1C\1CE\components\axiom-jdk-full-25.0.2+12-x86_64\bin\management_ext.dll
0x00007ff8bffd0000 - 0x00007ff8bfffc000 	D:\Soft\1c-edt-2026.2.0+289-x86_64\configuration\org.eclipse.osgi\1044\0\.cp\swt-gdip-win32-4971r15.dll
0x00007ff89c060000 - 0x00007ff89c239000 	C:\Windows\WinSxS\amd64_microsoft.windows.gdiplus_6595b64144ccf1df_1.1.26100.33158_none_83bd86131e96f807\gdiplus.dll
0x00007ff8cd800000 - 0x00007ff8cda2f000 	C:\Windows\SYSTEM32\WindowsCodecs.dll
0x00007ff8d0300000 - 0x00007ff8d0336000 	C:\Windows\SYSTEM32\ntmarta.dll
0x00007ff8b04c0000 - 0x00007ff8b063e000 	C:\Program Files\1C\1CE\components\axiom-jdk-full-25.0.2+12-x86_64\bin\awt.dll
0x00007ff8beed0000 - 0x00007ff8bef6d000 	C:\Windows\SYSTEM32\MSVCP140.dll
0x00007ff8c5e30000 - 0x00007ff8c5ee3000 	C:\Windows\SYSTEM32\TextShaping.dll
0x00007ff8bc5f0000 - 0x00007ff8bc66f000 	C:\Program Files\1C\1CE\components\axiom-jdk-full-25.0.2+12-x86_64\bin\mlib_image.dll
0x00007ff8bf520000 - 0x00007ff8bf564000 	C:\Windows\system32\mlang.dll
0x00007ff8b4670000 - 0x00007ff8b46ca000 	C:\Windows\system32\dataexchange.dll
0x00007ff8c9350000 - 0x00007ff8c9595000 	C:\Windows\system32\twinapi.appcore.dll
0x00007ff8c35b0000 - 0x00007ff8c35b9000 	C:\Program Files\1C\1CE\components\axiom-jdk-full-25.0.2+12-x86_64\bin\attach.dll
0x00007ff8cda70000 - 0x00007ff8cdcd7000 	C:\Windows\SYSTEM32\DWrite.dll
0x00007ff8b3fb0000 - 0x00007ff8b426c000 	C:\Windows\system32\explorerframe.dll
0x00007ff8bcc00000 - 0x00007ff8bcc87000 	C:\Program Files\1C\1CE\components\axiom-jdk-full-25.0.2+12-x86_64\bin\freetype.dll
0x00007ff8a01f0000 - 0x00007ff8a02df000 	C:\Program Files\1C\1CE\components\axiom-jdk-full-25.0.2+12-x86_64\bin\fontmanager.dll
0x00007ff899fe0000 - 0x00007ff89a078000 	C:\Windows\SYSTEM32\symsrv.dll

JVMTI agents: none

dbghelp: loaded successfully - version: 4.0.5 - missing functions: none
symbol engine: initialized successfully - sym options: 0x614 - pdb path: .;D:\Soft\1c-edt-2026.2.0+289-x86_64;C:\Windows\SYSTEM32;C:\Windows\WinSxS\amd64_microsoft.windows.common-controls_6595b64144ccf1df_6.0.26100.33158_none_ee33b523daf2c7c7;D:\Soft\1c-edt-2026.2.0+289-x86_64\plugins\org.eclipse.equinox.launcher.win32.win32.x86_64_1.2.1400.v20250801-0854;C:\Program Files\1C\1CE\components\axiom-jdk-full-25.0.2+12-x86_64\bin\server;C:\Program Files\1C\1CE\components\axiom-jdk-full-25.0.2+12-x86_64\bin;C:\Users\DitriX\AppData\Local\Temp\12\jna-2047320626;D:\Soft\1c-edt-2026.2.0+289-x86_64\configuration\org.eclipse.osgi\1044\0\.cp;C:\Windows\WinSxS\amd64_microsoft.windows.gdiplus_6595b64144ccf1df_1.1.26100.33158_none_83bd86131e96f807

VM Arguments:
jvm_args: -XX:-OmitStackTraceInFastThrow -XX:CompileCommand=quiet -XX:CompileCommand=exclude org.eclipse.jdt.internal.core.dom.rewrite.ASTRewriteAnalyzer::getExtendedRange -Dosgi.requiredJavaVersion=25 --add-modules=ALL-SYSTEM --add-opens=java.base/java.lang.constant=ALL-UNNAMED --add-opens=java.base/java.lang=ALL-UNNAMED --add-opens=java.base/java.lang.ref=ALL-UNNAMED --add-opens=java.base/java.nio=ALL-UNNAMED --add-opens=java.base/java.time=ALL-UNNAMED --add-opens=java.base/sun.nio.ch=ALL-UNNAMED --add-opens=java.base/java.net=ALL-UNNAMED -XX:+UseG1GC -XX:+UseStringDeduplication -XX:MinHeapFreeRatio=4 -XX:MaxHeapFreeRatio=20 -Xms80m -Djava.library.path= -Dlog4j.configuration=platform:/plugin/com._1c.g5.v8.dt.logging/log4j.properties -Dlog4j.formatMsgNoLookups=true -Dlog4j2.formatMsgNoLookups=true -Dorg.osgi.framework.bundle.parent=ext -Dosgi.module.lock.timeout=240 -Dp2.httpRule=allow -Dp2.ftpRule=allow -Dorg.eclipse.ecf.provider.filetransfer.excludeContributors=org.eclipse.ecf.provider.filetransfer.httpclientjava -De1c.dt.monitoring.host=https://pult.1c.ru/ -DmigrationEnabled=true -DmigrationNotificationEnabled=true -De1c.wiring.managedInitialization=true -Dorg.eclipse.e4.ui.css.theme.disableOSDarkThemeInherit=true -Dorg.eclipse.ui.internal.WindowsDefenderConfigurator.skipDefenderCheck=true -server -Dosgi.debug=.options -Xmx16384m 
java_command: <unknown>
java_class_path (initial): D:\Soft\1c-edt-2026.2.0+289-x86_64\\plugins/org.eclipse.equinox.launcher_1.7.100.v20251111-0406.jar
Launcher Type: generic

[Global flags]
     intx CICompilerCount                          = 4                                         {product} {ergonomic}
ccstrlist CompileCommand                           = quiet
          CompileCommand                          += exclude org.eclipse.jdt.internal.core.dom.rewrite.ASTRewriteAnalyzer::getExtendedRange            {product} {command line}
     uint ConcGCThreads                            = 3                                         {product} {ergonomic}
     uint G1ConcRefinementThreads                  = 10                                        {product} {ergonomic}
   size_t G1HeapRegionSize                         = 8388608                                   {product} {ergonomic}
   size_t InitialHeapSize                          = 83886080                                  {product} {command line}
   size_t MarkStackSize                            = 4194304                                   {product} {ergonomic}
   size_t MarkStackSizeMax                         = 536870912                                 {product} {ergonomic}
    uintx MaxHeapFreeRatio                         = 20                                     {manageable} {command line}
   size_t MaxHeapSize                              = 17179869184                               {product} {command line}
   size_t MaxNewSize                               = 10301210624                               {product} {ergonomic}
   size_t MinHeapDeltaBytes                        = 8388608                                   {product} {ergonomic}
    uintx MinHeapFreeRatio                         = 4                                      {manageable} {command line}
   size_t MinHeapSize                              = 83886080                                  {product} {command line}
    uintx NonNMethodCodeHeapSize                   = 5832704                                {pd product} {ergonomic}
    uintx NonProfiledCodeHeapSize                  = 122945536                              {pd product} {ergonomic}
     bool OmitStackTraceInFastThrow                = false                                     {product} {command line}
    uintx ProfiledCodeHeapSize                     = 122880000                              {pd product} {ergonomic}
    uintx ReservedCodeCacheSize                    = 251658240                              {pd product} {ergonomic}
     bool SegmentedCodeCache                       = true                                      {product} {ergonomic}
   size_t SoftMaxHeapSize                          = 17179869184                            {manageable} {ergonomic}
     bool UseCompressedOops                        = true                           {product lp64_product} {ergonomic}
     bool UseG1GC                                  = true                                      {product} {command line}
     bool UseLargePagesIndividualAllocation        = false                                  {pd product} {ergonomic}
     bool UseStringDeduplication                   = true                                      {product} {command line}

Logging:
Log output configuration:
 #0: stdout all=warning uptime,level,tags foldmultilines=false
 #1: stderr all=off uptime,level,tags foldmultilines=false

Release file:
IMPLEMENTOR="Axiom JSC" 
JAVA_RUNTIME_VERSION="25.0.2+12-LTS" 
JAVA_VERSION="25.0.2" 
JAVA_VERSION_DATE="2026-01-20" 
LIBC="default" 
MODULES="java.base java.compiler java.datatransfer java.xml java.prefs java.desktop java.instrument java.logging java.management java.security.sasl java.naming java.rmi java.management.rmi java.net.http java.scripting java.security.jgss java.transaction.xa java.sql java.sql.rowset java.xml.crypto java.se java.smartcardio jdk.jfr javafx.base jdk.unsupported javafx.graphics javafx.controls javafx.fxml javafx.media jdk.unsupported.desktop javafx.swing jdk.jsobject jdk.xml.dom javafx.web jdk.accessibility jdk.internal.jvmstat jdk.attach jdk.charsets jdk.internal.opt jdk.zipfs jdk.compiler jdk.crypto.cryptoki jdk.crypto.ec jdk.crypto.mscapi jdk.dynalink jdk.internal.ed jdk.editpad jdk.internal.vm.ci jdk.graal.compiler jdk.graal.compiler.management jdk.hotspot.agent jdk.httpserver jdk.incubator.vector jdk.internal.le jdk.internal.md jdk.jartool jdk.javadoc jdk.jcmd jdk.management jdk.management.agent jdk.jconsole jdk.jdeps jdk.jdwp.agent jdk.jdi jdk.jlink jdk.jpackage jdk.jshell jdk.jstatd jdk.localedata jdk.management.jfr jdk.naming.dns jdk.naming.rmi jdk.net jdk.nio.mapmode jdk.sctp jdk.security.auth jdk.security.jgss jfx.incubator.input jfx.incubator.richtext" 
OS_ARCH="x86_64" 
OS_NAME="Windows" 
SOURCE=".:git:0d69600e8fd3+" 

Environment Variables:
JAVA_HOME=C:\Program Files\BellSoft\LibericaJDK-21-Full\
PATH=C:\Program Files\PowerShell\7;C:\Program Files\BellSoft\LibericaJDK-21-Full\bin\;C:\Windows\system32;C:\Windows;C:\Windows\System32\Wbem;C:\Windows\System32\WindowsPowerShell\v1.0\;C:\Windows\System32\OpenSSH\;C:\Program Files\WireGuard\;C:\Program Files\Git\cmd;C:\Program Files\nodejs\;D:\Soft\Flutter\flutter\bin;C:\Program Files\Git\bin;C:\Users\DitriX\.local\bin;D:\Soft\OneScript\bin;C:\Program Files\GitHub CLI\;C:\Program Files\Go\bin;C:\Program Files\PowerShell\7\;C:\Program Files\PowerToys\DSCModules\;C:\Program Files\BellSoft\LibericaJDK-21-Full\bin\;C:\Windows\system32;C:\Windows;C:\Windows\System32\Wbem;C:\Windows\System32\WindowsPowerShell\v1.0\;C:\Windows\System32\OpenSSH\;C:\Program Files\WireGuard\;C:\Program Files\Git\cmd;C:\Program Files\nodejs\;D:\Soft\Flutter\flutter\bin;C:\Program Files\Git\bin;C:\Users\DitriX\.local\bin;D:\Soft\OneScript\bin;C:\Program Files\GitHub CLI\;C:\Program Files\Go\bin;C:\Program Files\PowerShell\7\;C:\Program Files\PowerToys\DSCModules\;D:\Soft\OneScript\bin;C:\Users\DitriX\AppData\Local\Programs\Microsoft VS Code\bin;C:\Users\DitriX\AppData\Roaming\npm;C:\Users\DitriX\AppData\Local\GitHubDesktop\bin
USERNAME=DitriX
OS=Windows_NT
PROCESSOR_IDENTIFIER=AMD64 Family 23 Model 113 Stepping 0, AuthenticAMD
TMP=C:\Users\DitriX\AppData\Local\Temp\12
TEMP=C:\Users\DitriX\AppData\Local\Temp\12




Compilation memory statistics disabled.

Periodic native trim disabled

---------------  S Y S T E M  ---------------

OS:
 Windows Server 2025 , 64 bit Build 26100 (10.0.26100.33158)
OS uptime: 41 days 19:25 hours
Hyper-V virtualization detected

CPU: total 12 (initial active 12) (16 cores per cpu, 1 threads per core) family 23 model 113 stepping 0 microcode 0xffffffff, cx8, cmov, fxsr, mmx, 3dnowpref, sse, sse2, sse3, ssse3, sse4a, sse4.1, sse4.2, popcnt, lzcnt, tsc, tscinvbit, avx, avx2, aes, clmul, bmi1, bmi2, adx, sha, fma, vzeroupper, clflush, clflushopt, clwb, hv, rdtscp, rdpid, f16c
Processor Information for the first 12 processors :
  Max Mhz: 3094, Current Mhz: 3094, Mhz Limit: 3094

Memory: 4k page, system-wide physical 29020M (6144M free)
TotalPageFile size 39020M (AvailPageFile size 3515M)
current process WorkingSet (physical memory assigned to process): 5342M, peak: 7451M
current process commit charge ("private bytes"): 7560M, peak: 12223M

vm_info: OpenJDK 64-Bit Server VM (25.0.2+12-LTS) for windows-amd64 JRE (25.0.2+12-LTS), built on 2026-01-15T16:46:49Z with MS VC++ 17.1 (VS2022)

END.
